LabelSeiteOrganisation;LabelSeiteSeite;LabelSeiteDatum;LabelSeiteSeiten;t1;T2;T21;T31;T22;T32;T23;T33;T24;T34;T25;T35;T16;T26;T36;T17;T27;T37;T18;T28;T38;T19;T29;T39;T20;T30;T40;TH1;TH11;TH21;TH31;TH2;TH12;TH22;TH32;TH3;TH13;TH23;TH33;TH4;TH14;TH24;TH34;TH5;TH15;TH25;TH35;TH6;TH16;TH26;TH36;TH7;TH17;TH27;TH37;TH8;TH18;TH28;TH38;TH9;TH19;TH29;TH39;TH10;TH20;TH30;TH40;T3;T4;T5;T6;T7;T8;T9;T10;t11;t12;T13;T14;T15
;;;;1/2024/0501 0;"Mercedes Büromaschinenwerke AG
unbekannt";;;;;;;;;;;;;;;;;;;;;;;;;;;;;;;;;;;;;;;;;;;;;;;;;;;;;;;;;;;;;;;;;;;;"Objektmaß HxBxT: 245 x 380 x 320 mm
Masse: 20 kg";;;RZ 7.1.KTD EG S 53.B 02;;;;;"\\dtmbgw2\museumplus\Objektbilder\verknüpft\2024\1-2024-0501-000-000.JPG
\\dtmbgw2\museumplus\Objektbilder\verknüpft\2024\1-2024-0501-000-000.JPG
\\dtmbgw2\museumplus\Objektbilder\verknüpft\2024\1-2024-0501-000-001.JPG
\\dtmbgw2\museumplus\Objektbilder\ve";Herstellungsjahr, 1930er Jahre;
;;;;1/2024/0501 0;"Mercedes Büromaschinenwerke AG
unbekannt";;;;;;;;;;;;;;;;;;;;;;;;;;;;;;;;;;;;;;;;;;;;;;;;;;;;;;;;;;;;;;;;;;;;"Objektmaß HxBxT: 245 x 380 x 320 mm
Masse: 20 kg";;;RZ 7.1.KTD EG S 53.B 02;;;;;"\\dtmbgw2\museumplus\Objektbilder\verknüpft\2024\1-2024-0501-000-000.JPG
\\dtmbgw2\museumplus\Objektbilder\verknüpft\2024\1-2024-0501-000-000.JPG
\\dtmbgw2\museumplus\Objektbilder\verknüpft\2024\1-2024-0501-000-001.JPG
\\dtmbgw2\museumplus\Objektbilder\ve";Herstellungsjahr, 1930er Jahre;
;;;;1/2024/0501 0;"Mercedes Büromaschinenwerke AG
unbekannt";;;;;;;;;;;;;;;;;;;;;;;;;;;;;;;;;;;;;;;;;;;;;;;;;;;;;;;;;;;;;;;;;;;;"Objektmaß HxBxT: 245 x 380 x 320 mm
Masse: 20 kg";;;RZ 7.1.KTD EG S 53.B 02;;;;;"\\dtmbgw2\museumplus\Objektbilder\verknüpft\2024\1-2024-0501-000-000.JPG
\\dtmbgw2\museumplus\Objektbilder\verknüpft\2024\1-2024-0501-000-000.JPG
\\dtmbgw2\museumplus\Objektbilder\verknüpft\2024\1-2024-0501-000-001.JPG
\\dtmbgw2\museumplus\Objektbilder\ve";Herstellungsjahr, 1930er Jahre;
;;;;1/2024/0501 0;"Mercedes Büromaschinenwerke AG
unbekannt";;;;;;;;;;;;;;;;;;;;;;;;;;;;;;;;;;;;;;;;;;;;;;;;;;;;;;;;;;;;;;;;;;;;"Objektmaß HxBxT: 245 x 380 x 320 mm
Masse: 20 kg";;;RZ 7.1.KTD EG S 53.B 02;;;;;"\\dtmbgw2\museumplus\Objektbilder\verknüpft\2024\1-2024-0501-000-000.JPG
\\dtmbgw2\museumplus\Objektbilder\verknüpft\2024\1-2024-0501-000-000.JPG
\\dtmbgw2\museumplus\Objektbilder\verknüpft\2024\1-2024-0501-000-001.JPG
\\dtmbgw2\museumplus\Objektbilder\ve";Herstellungsjahr, 1930er Jahre;
;;;;1/2024/0501 0;"Mercedes Büromaschinenwerke AG
unbekannt";;;;;;;;;;;;;;;;;;;;;;;;;;;;;;;;;;;;;;;;;;;;;;;;;;;;;;;;;;;;;;;;;;;;"Objektmaß HxBxT: 245 x 380 x 320 mm
Masse: 20 kg";;;RZ 7.1.KTD EG S 53.B 02;;;;;"\\dtmbgw2\museumplus\Objektbilder\verknüpft\2024\1-2024-0501-000-000.JPG
\\dtmbgw2\museumplus\Objektbilder\verknüpft\2024\1-2024-0501-000-000.JPG
\\dtmbgw2\museumplus\Objektbilder\verknüpft\2024\1-2024-0501-000-001.JPG
\\dtmbgw2\museumplus\Objektbilder\ve";Herstellungsjahr, 1930er Jahre;
;;;;1/2024/0511 0;"Ing. C. Olivetti & C., S.p.A.
Ettore Sottsass
Hans von Klier
Deutsche Olivetti GmbH, Olivetti Haus
Irmen Trube";;;;;;;;;;;;;;;;;;;;;;;;;;;;;;;;;;;;;;;;;;;;;;;;;;;;;;;;;;;;;;;;;;;;"Objektmaß HxBxT: 160 x 450 x 340 mm
Masse: 11 kg";;;RZ 6.KTD.SR 16.F 45.B 06.;;;;;"\\dtmbgw2\museumplus\Objektbilder\verknüpft\2024\1-2024-0511-000-000.JPG
\\dtmbgw2\museumplus\Objektbilder\verknüpft\2024\1-2024-0511-000-001.JPG
\\dtmbgw2\museumplus\Objektbilder\verknüpft\2024\1-2024-0511-000-002.JPG";"Herst.-Zeitraum, 1964 - 1976
Anschaffungsjahr";
;;;;1/2024/0511 0;"Ing. C. Olivetti & C., S.p.A.
Ettore Sottsass
Hans von Klier
Deutsche Olivetti GmbH, Olivetti Haus
Irmen Trube";;;;;;;;;;;;;;;;;;;;;;;;;;;;;;;;;;;;;;;;;;;;;;;;;;;;;;;;;;;;;;;;;;;;"Objektmaß HxBxT: 160 x 450 x 340 mm
Masse: 11 kg";;;RZ 6.KTD.SR 16.F 45.B 06.;;;;;"\\dtmbgw2\museumplus\Objektbilder\verknüpft\2024\1-2024-0511-000-000.JPG
\\dtmbgw2\museumplus\Objektbilder\verknüpft\2024\1-2024-0511-000-001.JPG
\\dtmbgw2\museumplus\Objektbilder\verknüpft\2024\1-2024-0511-000-002.JPG";"Herst.-Zeitraum, 1964 - 1976
Anschaffungsjahr";
;;;;1/2024/0511 0;"Ing. C. Olivetti & C., S.p.A.
Ettore Sottsass
Hans von Klier
Deutsche Olivetti GmbH, Olivetti Haus
Irmen Trube";;;;;;;;;;;;;;;;;;;;;;;;;;;;;;;;;;;;;;;;;;;;;;;;;;;;;;;;;;;;;;;;;;;;"Objektmaß HxBxT: 160 x 450 x 340 mm
Masse: 11 kg";;;RZ 6.KTD.SR 16.F 45.B 06.;;;;;"\\dtmbgw2\museumplus\Objektbilder\verknüpft\2024\1-2024-0511-000-000.JPG
\\dtmbgw2\museumplus\Objektbilder\verknüpft\2024\1-2024-0511-000-001.JPG
\\dtmbgw2\museumplus\Objektbilder\verknüpft\2024\1-2024-0511-000-002.JPG";"Herst.-Zeitraum, 1964 - 1976
Anschaffungsjahr";
;;;;1/2024/0512 0;"Ing. C. Olivetti & C., S.p.A.
Nizzoli, Marcello
Irmen Trube";;;;;;;;;;;;;;;;;;;;;;;;;;;;;;;;;;;;;;;;;;;;;;;;;;;;;;;;;;;;;;;;;;;;"Objektmaß HxBxT: 83 x 298 x 324 mm
Masse: ca. 4 kg";;;RZ 6.KTD.SR 16.F 44.B 06.;;;;;"\\dtmbgw2\museumplus\Objektbilder\verknüpft\2024\1-2024-0512-000-000.JPG
\\dtmbgw2\museumplus\Objektbilder\verknüpft\2024\1-2024-0512-000-001.JPG
\\dtmbgw2\museumplus\Objektbilder\verknüpft\2024\1-2024-0512-000-002.JPG";"Herst.-Zeitraum, 1949 - 1959
Anschaffungsjahr, um 1960";
;;;;1/2024/0512 0;"Ing. C. Olivetti & C., S.p.A.
Nizzoli, Marcello
Irmen Trube";;;;;;;;;;;;;;;;;;;;;;;;;;;;;;;;;;;;;;;;;;;;;;;;;;;;;;;;;;;;;;;;;;;;"Objektmaß HxBxT: 83 x 298 x 324 mm
Masse: ca. 4 kg";;;RZ 6.KTD.SR 16.F 44.B 06.;;;;;"\\dtmbgw2\museumplus\Objektbilder\verknüpft\2024\1-2024-0512-000-000.JPG
\\dtmbgw2\museumplus\Objektbilder\verknüpft\2024\1-2024-0512-000-001.JPG
\\dtmbgw2\museumplus\Objektbilder\verknüpft\2024\1-2024-0512-000-002.JPG";"Herst.-Zeitraum, 1949 - 1959
Anschaffungsjahr, um 1960";
;;;;1/2024/0512 0;"Ing. C. Olivetti & C., S.p.A.
Nizzoli, Marcello
Irmen Trube";;;;;;;;;;;;;;;;;;;;;;;;;;;;;;;;;;;;;;;;;;;;;;;;;;;;;;;;;;;;;;;;;;;;"Objektmaß HxBxT: 83 x 298 x 324 mm
Masse: ca. 4 kg";;;RZ 6.KTD.SR 16.F 44.B 06.;;;;;"\\dtmbgw2\museumplus\Objektbilder\verknüpft\2024\1-2024-0512-000-000.JPG
\\dtmbgw2\museumplus\Objektbilder\verknüpft\2024\1-2024-0512-000-001.JPG
\\dtmbgw2\museumplus\Objektbilder\verknüpft\2024\1-2024-0512-000-002.JPG";"Herst.-Zeitraum, 1949 - 1959
Anschaffungsjahr, um 1960";
;;;;1/2024/0512 1;"Ing. C. Olivetti & C., S.p.A.
Irmen Trube";;;;;;;;;;;;;;;;;;;;;;;;;;;;;;;;;;;;;;;;;;;;;;;;;;;;;;;;;;;;;;;;;;;;Objektmaß LxBxH: 300 x 325 x 83 mm;;;RZ 6.KTD.SR 16.F 44.B 06.;;;;;\\dtmbgw2\museumplus\Objektbilder\verknüpft\2024\1-2024-0512-001-000.JPG;1949 - 1959;
;;;;1/2024/0777 0;Triumph - Werke;;;;;;;;;;;;;;;;;;;;;;;;;;;;;;;;;;;;;;;;;;;;;;;;;;;;;;;;;;;;;;;;;;Kunststoff, Metall;;Objektmaß LxBxH: 565 x 430 x 220 mm;;;RZ 6 KTD.SR 16.F 48.B 01;;;;;"\\dtmbgw2\museumplus\Objektbilder\verknüpft\2024\1-2024-0777-000-001.JPG
\\dtmbgw2\museumplus\Objektbilder\verknüpft\2024\1-2024-0777-000-002.JPG
\\dtmbgw2\museumplus\Objektbilder\verknüpft\2024\1-2024-0777-000-000.JPG";Herstellungsjahr, 1985 ca.;
;;;;1/2024/0777 0;Triumph - Werke;;;;;;;;;;;;;;;;;;;;;;;;;;;;;;;;;;;;;;;;;;;;;;;;;;;;;;;;;;;;;;;;;;Kunststoff, Metall;;Objektmaß LxBxH: 565 x 430 x 220 mm;;;RZ 6 KTD.SR 16.F 48.B 01;;;;;"\\dtmbgw2\museumplus\Objektbilder\verknüpft\2024\1-2024-0777-000-001.JPG
\\dtmbgw2\museumplus\Objektbilder\verknüpft\2024\1-2024-0777-000-002.JPG
\\dtmbgw2\museumplus\Objektbilder\verknüpft\2024\1-2024-0777-000-000.JPG";Herstellungsjahr, 1985 ca.;
;;;;1/2024/0777 0;Triumph - Werke;;;;;;;;;;;;;;;;;;;;;;;;;;;;;;;;;;;;;;;;;;;;;;;;;;;;;;;;;;;;;;;;;;Kunststoff, Metall;;Objektmaß LxBxH: 565 x 430 x 220 mm;;;RZ 6 KTD.SR 16.F 48.B 01;;;;;"\\dtmbgw2\museumplus\Objektbilder\verknüpft\2024\1-2024-0777-000-001.JPG
\\dtmbgw2\museumplus\Objektbilder\verknüpft\2024\1-2024-0777-000-002.JPG
\\dtmbgw2\museumplus\Objektbilder\verknüpft\2024\1-2024-0777-000-000.JPG";Herstellungsjahr, 1985 ca.;
;;;;1/2024/0778 0;Stoewer AG.;;;;;;;;;;;;;;;;;;;;;;;;;;;;;;;;;;;;;;;;;;;;;;;;;;;;;;;;;;;;;;;;;;;;Objektmaß LxBxH: 260 x 200 x 150 mm;;;RZ 6 KTD.SR 16.F 40.B05;;;;;"\\dtmbgw2\museumplus\Objektbilder\verknüpft\2024\1-2024-0778-000-000.JPG
\\dtmbgw2\museumplus\Objektbilder\verknüpft\2024\1-2024-0778-000-001.JPG
\\dtmbgw2\museumplus\Objektbilder\verknüpft\2024\1-2024-0778-000-002.JPG";1903 - 1923;
;;;;1/2024/0778 0;Stoewer AG.;;;;;;;;;;;;;;;;;;;;;;;;;;;;;;;;;;;;;;;;;;;;;;;;;;;;;;;;;;;;;;;;;;;;Objektmaß LxBxH: 260 x 200 x 150 mm;;;RZ 6 KTD.SR 16.F 40.B05;;;;;"\\dtmbgw2\museumplus\Objektbilder\verknüpft\2024\1-2024-0778-000-000.JPG
\\dtmbgw2\museumplus\Objektbilder\verknüpft\2024\1-2024-0778-000-001.JPG
\\dtmbgw2\museumplus\Objektbilder\verknüpft\2024\1-2024-0778-000-002.JPG";1903 - 1923;
;;;;1/2024/0778 0;Stoewer AG.;;;;;;;;;;;;;;;;;;;;;;;;;;;;;;;;;;;;;;;;;;;;;;;;;;;;;;;;;;;;;;;;;;;;Objektmaß LxBxH: 260 x 200 x 150 mm;;;RZ 6 KTD.SR 16.F 40.B05;;;;;"\\dtmbgw2\museumplus\Objektbilder\verknüpft\2024\1-2024-0778-000-000.JPG
\\dtmbgw2\museumplus\Objektbilder\verknüpft\2024\1-2024-0778-000-001.JPG
\\dtmbgw2\museumplus\Objektbilder\verknüpft\2024\1-2024-0778-000-002.JPG";1903 - 1923;
;;;;1/2024/0779 0;"IBM Internationale Büro-Maschinen GmbH
Erica Sorge";;;;;;;;;;;;;;;;;;;;;;;;;;;;;;;;;;;;;;;;;;;;;;;;;;;;;;;;;;;;;;;;;;;;;;;RZ 6 KTD.SR 16.F 47.B 03;;;;;"\\dtmbgw2\museumplus\Objektbilder\verknüpft\2024\1-2024-0779-000-000.JPG
\\dtmbgw2\museumplus\Objektbilder\verknüpft\2024\1-2024-0779-000-001.JPG
\\dtmbgw2\museumplus\Objektbilder\verknüpft\2024\1-2024-0779-000-002.JPG
\\dtmbgw2\museumplus\Objektbilder\ve";1961 - 1980;
;;;;1/2024/0779 0;"IBM Internationale Büro-Maschinen GmbH
Erica Sorge";;;;;;;;;;;;;;;;;;;;;;;;;;;;;;;;;;;;;;;;;;;;;;;;;;;;;;;;;;;;;;;;;;;;;;;RZ 6 KTD.SR 16.F 47.B 03;;;;;"\\dtmbgw2\museumplus\Objektbilder\verknüpft\2024\1-2024-0779-000-000.JPG
\\dtmbgw2\museumplus\Objektbilder\verknüpft\2024\1-2024-0779-000-001.JPG
\\dtmbgw2\museumplus\Objektbilder\verknüpft\2024\1-2024-0779-000-002.JPG
\\dtmbgw2\museumplus\Objektbilder\ve";1961 - 1980;
;;;;1/2024/0779 0;"IBM Internationale Büro-Maschinen GmbH
Erica Sorge";;;;;;;;;;;;;;;;;;;;;;;;;;;;;;;;;;;;;;;;;;;;;;;;;;;;;;;;;;;;;;;;;;;;;;;RZ 6 KTD.SR 16.F 47.B 03;;;;;"\\dtmbgw2\museumplus\Objektbilder\verknüpft\2024\1-2024-0779-000-000.JPG
\\dtmbgw2\museumplus\Objektbilder\verknüpft\2024\1-2024-0779-000-001.JPG
\\dtmbgw2\museumplus\Objektbilder\verknüpft\2024\1-2024-0779-000-002.JPG
\\dtmbgw2\museumplus\Objektbilder\ve";1961 - 1980;
;;;;1/2024/0779 0;"IBM Internationale Büro-Maschinen GmbH
Erica Sorge";;;;;;;;;;;;;;;;;;;;;;;;;;;;;;;;;;;;;;;;;;;;;;;;;;;;;;;;;;;;;;;;;;;;;;;RZ 6 KTD.SR 16.F 47.B 03;;;;;"\\dtmbgw2\museumplus\Objektbilder\verknüpft\2024\1-2024-0779-000-000.JPG
\\dtmbgw2\museumplus\Objektbilder\verknüpft\2024\1-2024-0779-000-001.JPG
\\dtmbgw2\museumplus\Objektbilder\verknüpft\2024\1-2024-0779-000-002.JPG
\\dtmbgw2\museumplus\Objektbilder\ve";1961 - 1980;
;;;;1/2025/0027 0;"Maschinenfabrik Kappel AG
Buntebart";;;;;;;;;;;;;;;;;;;;;;;;;;;;;;;;;;;;;;;;;;;;;;;;;;;;;;;;;;;;;;;;;;;;"Objektmaß LxBxH: 400 x 420 x 275 mm
Masse: 16,2 kg";;;RZ 6.KTD.SR 16.F 47.B 03;;;;;"\\dtmbgw2\museumplus\Objektbilder\verknüpft\2025\1-2025-0027-000-000.JPG
\\dtmbgw2\museumplus\Objektbilder\verknüpft\2025\1-2025-0027-000-001.JPG
\\dtmbgw2\museumplus\Objektbilder\verknüpft\2025\1-2025-0027-000-002.JPG
\\dtmbgw2\museumplus\Objektbilder\ve";1944;
;;;;1/2025/0027 0;"Maschinenfabrik Kappel AG
Buntebart";;;;;;;;;;;;;;;;;;;;;;;;;;;;;;;;;;;;;;;;;;;;;;;;;;;;;;;;;;;;;;;;;;;;"Objektmaß LxBxH: 400 x 420 x 275 mm
Masse: 16,2 kg";;;RZ 6.KTD.SR 16.F 47.B 03;;;;;"\\dtmbgw2\museumplus\Objektbilder\verknüpft\2025\1-2025-0027-000-000.JPG
\\dtmbgw2\museumplus\Objektbilder\verknüpft\2025\1-2025-0027-000-001.JPG
\\dtmbgw2\museumplus\Objektbilder\verknüpft\2025\1-2025-0027-000-002.JPG
\\dtmbgw2\museumplus\Objektbilder\ve";1944;
;;;;1/2025/0027 0;"Maschinenfabrik Kappel AG
Buntebart";;;;;;;;;;;;;;;;;;;;;;;;;;;;;;;;;;;;;;;;;;;;;;;;;;;;;;;;;;;;;;;;;;;;"Objektmaß LxBxH: 400 x 420 x 275 mm
Masse: 16,2 kg";;;RZ 6.KTD.SR 16.F 47.B 03;;;;;"\\dtmbgw2\museumplus\Objektbilder\verknüpft\2025\1-2025-0027-000-000.JPG
\\dtmbgw2\museumplus\Objektbilder\verknüpft\2025\1-2025-0027-000-001.JPG
\\dtmbgw2\museumplus\Objektbilder\verknüpft\2025\1-2025-0027-000-002.JPG
\\dtmbgw2\museumplus\Objektbilder\ve";1944;
;;;;1/2025/0027 0;"Maschinenfabrik Kappel AG
Buntebart";;;;;;;;;;;;;;;;;;;;;;;;;;;;;;;;;;;;;;;;;;;;;;;;;;;;;;;;;;;;;;;;;;;;"Objektmaß LxBxH: 400 x 420 x 275 mm
Masse: 16,2 kg";;;RZ 6.KTD.SR 16.F 47.B 03;;;;;"\\dtmbgw2\museumplus\Objektbilder\verknüpft\2025\1-2025-0027-000-000.JPG
\\dtmbgw2\museumplus\Objektbilder\verknüpft\2025\1-2025-0027-000-001.JPG
\\dtmbgw2\museumplus\Objektbilder\verknüpft\2025\1-2025-0027-000-002.JPG
\\dtmbgw2\museumplus\Objektbilder\ve";1944;
;;;;1/2025/0027 0;"Maschinenfabrik Kappel AG
Buntebart";;;;;;;;;;;;;;;;;;;;;;;;;;;;;;;;;;;;;;;;;;;;;;;;;;;;;;;;;;;;;;;;;;;;"Objektmaß LxBxH: 400 x 420 x 275 mm
Masse: 16,2 kg";;;RZ 6.KTD.SR 16.F 47.B 03;;;;;"\\dtmbgw2\museumplus\Objektbilder\verknüpft\2025\1-2025-0027-000-000.JPG
\\dtmbgw2\museumplus\Objektbilder\verknüpft\2025\1-2025-0027-000-001.JPG
\\dtmbgw2\museumplus\Objektbilder\verknüpft\2025\1-2025-0027-000-002.JPG
\\dtmbgw2\museumplus\Objektbilder\ve";1944;
;;;;1/2025/0028 0;"Allgemeine Elektricitäts-Gesellschaft AEG AG
unbekannt";;;;;;;;;;;;;;;;;;;;;;;;;;;;;;;;;;;;;;;;;;;;;;;;;;;;;;;;;;;;;;;;;;;;"Objektmaß LxBxH: 300 x 320 x 175 mm
Masse: 5,5 kg";;;RZ 6.KTD.SR 16.F 48.B 03;;;;;"\\dtmbgw2\museumplus\Objektbilder\verknüpft\2025\1-2025-0028-000-000.JPG
\\dtmbgw2\museumplus\Objektbilder\verknüpft\2025\1-2025-0028-000-001.JPG
\\dtmbgw2\museumplus\Objektbilder\verknüpft\2025\1-2025-0028-000-002.JPG
\\dtmbgw2\museumplus\Objektbilder\ve";1917;
;;;;1/2025/0028 0;"Allgemeine Elektricitäts-Gesellschaft AEG AG
unbekannt";;;;;;;;;;;;;;;;;;;;;;;;;;;;;;;;;;;;;;;;;;;;;;;;;;;;;;;;;;;;;;;;;;;;"Objektmaß LxBxH: 300 x 320 x 175 mm
Masse: 5,5 kg";;;RZ 6.KTD.SR 16.F 48.B 03;;;;;"\\dtmbgw2\museumplus\Objektbilder\verknüpft\2025\1-2025-0028-000-000.JPG
\\dtmbgw2\museumplus\Objektbilder\verknüpft\2025\1-2025-0028-000-001.JPG
\\dtmbgw2\museumplus\Objektbilder\verknüpft\2025\1-2025-0028-000-002.JPG
\\dtmbgw2\museumplus\Objektbilder\ve";1917;
;;;;1/2025/0028 0;"Allgemeine Elektricitäts-Gesellschaft AEG AG
unbekannt";;;;;;;;;;;;;;;;;;;;;;;;;;;;;;;;;;;;;;;;;;;;;;;;;;;;;;;;;;;;;;;;;;;;"Objektmaß LxBxH: 300 x 320 x 175 mm
Masse: 5,5 kg";;;RZ 6.KTD.SR 16.F 48.B 03;;;;;"\\dtmbgw2\museumplus\Objektbilder\verknüpft\2025\1-2025-0028-000-000.JPG
\\dtmbgw2\museumplus\Objektbilder\verknüpft\2025\1-2025-0028-000-001.JPG
\\dtmbgw2\museumplus\Objektbilder\verknüpft\2025\1-2025-0028-000-002.JPG
\\dtmbgw2\museumplus\Objektbilder\ve";1917;
;;;;1/2025/0028 0;"Allgemeine Elektricitäts-Gesellschaft AEG AG
unbekannt";;;;;;;;;;;;;;;;;;;;;;;;;;;;;;;;;;;;;;;;;;;;;;;;;;;;;;;;;;;;;;;;;;;;"Objektmaß LxBxH: 300 x 320 x 175 mm
Masse: 5,5 kg";;;RZ 6.KTD.SR 16.F 48.B 03;;;;;"\\dtmbgw2\museumplus\Objektbilder\verknüpft\2025\1-2025-0028-000-000.JPG
\\dtmbgw2\museumplus\Objektbilder\verknüpft\2025\1-2025-0028-000-001.JPG
\\dtmbgw2\museumplus\Objektbilder\verknüpft\2025\1-2025-0028-000-002.JPG
\\dtmbgw2\museumplus\Objektbilder\ve";1917;
;;;;1/2025/0040 0;"Triumph - Werke
unbekannt";;;;;;;;;;;;;;;;;;;;;;;;;;;;;;;;;;;;;;;;;;;;;;;;;;;;;;;;;;;;;;;;;;;;"Masse: 20,7 kg
Objektmaß LxBxH: 440 x 530 x 215 mm";;;RZ 6.KTD.SR 16.F 48.B 03;;;;;"\\dtmbgw2\museumplus\Objektbilder\verknüpft\2025\1-2025-0040-000-000.JPG
\\dtmbgw2\museumplus\Objektbilder\verknüpft\2025\1-2025-0040-000-001.JPG
\\dtmbgw2\museumplus\Objektbilder\verknüpft\2025\1-2025-0040-000-002.JPG
\\dtmbgw2\museumplus\Objektbilder\ve";1958 - 1968;
;;;;1/2025/0040 0;"Triumph - Werke
unbekannt";;;;;;;;;;;;;;;;;;;;;;;;;;;;;;;;;;;;;;;;;;;;;;;;;;;;;;;;;;;;;;;;;;;;"Masse: 20,7 kg
Objektmaß LxBxH: 440 x 530 x 215 mm";;;RZ 6.KTD.SR 16.F 48.B 03;;;;;"\\dtmbgw2\museumplus\Objektbilder\verknüpft\2025\1-2025-0040-000-000.JPG
\\dtmbgw2\museumplus\Objektbilder\verknüpft\2025\1-2025-0040-000-001.JPG
\\dtmbgw2\museumplus\Objektbilder\verknüpft\2025\1-2025-0040-000-002.JPG
\\dtmbgw2\museumplus\Objektbilder\ve";1958 - 1968;
;;;;1/2025/0040 0;"Triumph - Werke
unbekannt";;;;;;;;;;;;;;;;;;;;;;;;;;;;;;;;;;;;;;;;;;;;;;;;;;;;;;;;;;;;;;;;;;;;"Masse: 20,7 kg
Objektmaß LxBxH: 440 x 530 x 215 mm";;;RZ 6.KTD.SR 16.F 48.B 03;;;;;"\\dtmbgw2\museumplus\Objektbilder\verknüpft\2025\1-2025-0040-000-000.JPG
\\dtmbgw2\museumplus\Objektbilder\verknüpft\2025\1-2025-0040-000-001.JPG
\\dtmbgw2\museumplus\Objektbilder\verknüpft\2025\1-2025-0040-000-002.JPG
\\dtmbgw2\museumplus\Objektbilder\ve";1958 - 1968;
;;;;1/2025/0040 0;"Triumph - Werke
unbekannt";;;;;;;;;;;;;;;;;;;;;;;;;;;;;;;;;;;;;;;;;;;;;;;;;;;;;;;;;;;;;;;;;;;;"Masse: 20,7 kg
Objektmaß LxBxH: 440 x 530 x 215 mm";;;RZ 6.KTD.SR 16.F 48.B 03;;;;;"\\dtmbgw2\museumplus\Objektbilder\verknüpft\2025\1-2025-0040-000-000.JPG
\\dtmbgw2\museumplus\Objektbilder\verknüpft\2025\1-2025-0040-000-001.JPG
\\dtmbgw2\museumplus\Objektbilder\verknüpft\2025\1-2025-0040-000-002.JPG
\\dtmbgw2\museumplus\Objektbilder\ve";1958 - 1968;
;;;;1/2025/0042 0;"IBM Internationale Büro-Maschinen GmbH
Alfred Gottwaldt";;;;;;;;;;;;;;;;;;;;;;;;;;;;;;;;;;;;;;;;;;;;;;;;;;;;;;;;;;;;;;;;;;Metall, Kunststoff, Gummi, Stoff;;"Objektmaß LxBxH: 425 x 495 x 235 mm
Masse: 22,48 kg";;;RZ 6.KTD.SR 16.F 47.B 02;;;;;"\\dtmbgw2\museumplus\Objektbilder\verknüpft\2025\1-2025-0042-000-000.JPG
\\dtmbgw2\museumplus\Objektbilder\verknüpft\2025\1-2025-0042-000-001.JPG
\\dtmbgw2\museumplus\Objektbilder\verknüpft\2025\1-2025-0042-000-002.JPG
\\dtmbgw2\museumplus\Objektbilder\ve";Herstellungsjahr, 1963 ca.;
;;;;1/2025/0042 0;"IBM Internationale Büro-Maschinen GmbH
Alfred Gottwaldt";;;;;;;;;;;;;;;;;;;;;;;;;;;;;;;;;;;;;;;;;;;;;;;;;;;;;;;;;;;;;;;;;;Metall, Kunststoff, Gummi, Stoff;;"Objektmaß LxBxH: 425 x 495 x 235 mm
Masse: 22,48 kg";;;RZ 6.KTD.SR 16.F 47.B 02;;;;;"\\dtmbgw2\museumplus\Objektbilder\verknüpft\2025\1-2025-0042-000-000.JPG
\\dtmbgw2\museumplus\Objektbilder\verknüpft\2025\1-2025-0042-000-001.JPG
\\dtmbgw2\museumplus\Objektbilder\verknüpft\2025\1-2025-0042-000-002.JPG
\\dtmbgw2\museumplus\Objektbilder\ve";Herstellungsjahr, 1963 ca.;
;;;;1/2025/0042 0;"IBM Internationale Büro-Maschinen GmbH
Alfred Gottwaldt";;;;;;;;;;;;;;;;;;;;;;;;;;;;;;;;;;;;;;;;;;;;;;;;;;;;;;;;;;;;;;;;;;Metall, Kunststoff, Gummi, Stoff;;"Objektmaß LxBxH: 425 x 495 x 235 mm
Masse: 22,48 kg";;;RZ 6.KTD.SR 16.F 47.B 02;;;;;"\\dtmbgw2\museumplus\Objektbilder\verknüpft\2025\1-2025-0042-000-000.JPG
\\dtmbgw2\museumplus\Objektbilder\verknüpft\2025\1-2025-0042-000-001.JPG
\\dtmbgw2\museumplus\Objektbilder\verknüpft\2025\1-2025-0042-000-002.JPG
\\dtmbgw2\museumplus\Objektbilder\ve";Herstellungsjahr, 1963 ca.;
;;;;1/2025/0042 0;"IBM Internationale Büro-Maschinen GmbH
Alfred Gottwaldt";;;;;;;;;;;;;;;;;;;;;;;;;;;;;;;;;;;;;;;;;;;;;;;;;;;;;;;;;;;;;;;;;;Metall, Kunststoff, Gummi, Stoff;;"Objektmaß LxBxH: 425 x 495 x 235 mm
Masse: 22,48 kg";;;RZ 6.KTD.SR 16.F 47.B 02;;;;;"\\dtmbgw2\museumplus\Objektbilder\verknüpft\2025\1-2025-0042-000-000.JPG
\\dtmbgw2\museumplus\Objektbilder\verknüpft\2025\1-2025-0042-000-001.JPG
\\dtmbgw2\museumplus\Objektbilder\verknüpft\2025\1-2025-0042-000-002.JPG
\\dtmbgw2\museumplus\Objektbilder\ve";Herstellungsjahr, 1963 ca.;
;;;;1/2025/0043 0;"Allgemeine Elektricitäts-Gesellschaft AEG AG
unbekannt";;;;;;;;;;;;;;;;;;;;;;;;;;;;;;;;;;;;;;;;;;;;;;;;;;;;;;;;;;;;;;;;;;;;"Objektmaß LxBxH: 300 x 320 x 175 mm
Masse: 5,5 kg";;;RZ 6.KTD.SR 16.F 47.B 06;;;;;"\\dtmbgw2\museumplus\Objektbilder\verknüpft\2025\1-2025-0043-000-000.JPG
\\dtmbgw2\museumplus\Objektbilder\verknüpft\2025\1-2025-0043-000-001.JPG
\\dtmbgw2\museumplus\Objektbilder\verknüpft\2025\1-2025-0043-000-002.JPG";1918;
;;;;1/2025/0043 0;"Allgemeine Elektricitäts-Gesellschaft AEG AG
unbekannt";;;;;;;;;;;;;;;;;;;;;;;;;;;;;;;;;;;;;;;;;;;;;;;;;;;;;;;;;;;;;;;;;;;;"Objektmaß LxBxH: 300 x 320 x 175 mm
Masse: 5,5 kg";;;RZ 6.KTD.SR 16.F 47.B 06;;;;;"\\dtmbgw2\museumplus\Objektbilder\verknüpft\2025\1-2025-0043-000-000.JPG
\\dtmbgw2\museumplus\Objektbilder\verknüpft\2025\1-2025-0043-000-001.JPG
\\dtmbgw2\museumplus\Objektbilder\verknüpft\2025\1-2025-0043-000-002.JPG";1918;
;;;;1/2025/0043 0;"Allgemeine Elektricitäts-Gesellschaft AEG AG
unbekannt";;;;;;;;;;;;;;;;;;;;;;;;;;;;;;;;;;;;;;;;;;;;;;;;;;;;;;;;;;;;;;;;;;;;"Objektmaß LxBxH: 300 x 320 x 175 mm
Masse: 5,5 kg";;;RZ 6.KTD.SR 16.F 47.B 06;;;;;"\\dtmbgw2\museumplus\Objektbilder\verknüpft\2025\1-2025-0043-000-000.JPG
\\dtmbgw2\museumplus\Objektbilder\verknüpft\2025\1-2025-0043-000-001.JPG
\\dtmbgw2\museumplus\Objektbilder\verknüpft\2025\1-2025-0043-000-002.JPG";1918;
;;;;1/2025/0044 0;"Remington Rand, Remington Typewriter Company U. S.
unbekannt";;;;;;;;;;;;;;;;;;;;;;;;;;;;;;;;;;;;;;;;;;;;;;;;;;;;;;;;;;;;;;;;;;;;"Objektmaß LxBxH: 300 x 335 x 135 mm
Masse: 5,3 kg";;;RZ 6.KTD.SR 16.F 48.B 02;;;;;"\\dtmbgw2\museumplus\Objektbilder\verknüpft\2025\1-2025-0044-000-000.JPG
\\dtmbgw2\museumplus\Objektbilder\verknüpft\2025\1-2025-0044-000-001.JPG
\\dtmbgw2\museumplus\Objektbilder\verknüpft\2025\1-2025-0044-000-002.JPG
\\dtmbgw2\museumplus\Objektbilder\ve";1932 - 1934;
;;;;1/2025/0044 0;"Remington Rand, Remington Typewriter Company U. S.
unbekannt";;;;;;;;;;;;;;;;;;;;;;;;;;;;;;;;;;;;;;;;;;;;;;;;;;;;;;;;;;;;;;;;;;;;"Objektmaß LxBxH: 300 x 335 x 135 mm
Masse: 5,3 kg";;;RZ 6.KTD.SR 16.F 48.B 02;;;;;"\\dtmbgw2\museumplus\Objektbilder\verknüpft\2025\1-2025-0044-000-000.JPG
\\dtmbgw2\museumplus\Objektbilder\verknüpft\2025\1-2025-0044-000-001.JPG
\\dtmbgw2\museumplus\Objektbilder\verknüpft\2025\1-2025-0044-000-002.JPG
\\dtmbgw2\museumplus\Objektbilder\ve";1932 - 1934;
;;;;1/2025/0044 0;"Remington Rand, Remington Typewriter Company U. S.
unbekannt";;;;;;;;;;;;;;;;;;;;;;;;;;;;;;;;;;;;;;;;;;;;;;;;;;;;;;;;;;;;;;;;;;;;"Objektmaß LxBxH: 300 x 335 x 135 mm
Masse: 5,3 kg";;;RZ 6.KTD.SR 16.F 48.B 02;;;;;"\\dtmbgw2\museumplus\Objektbilder\verknüpft\2025\1-2025-0044-000-000.JPG
\\dtmbgw2\museumplus\Objektbilder\verknüpft\2025\1-2025-0044-000-001.JPG
\\dtmbgw2\museumplus\Objektbilder\verknüpft\2025\1-2025-0044-000-002.JPG
\\dtmbgw2\museumplus\Objektbilder\ve";1932 - 1934;
;;;;1/2025/0044 0;"Remington Rand, Remington Typewriter Company U. S.
unbekannt";;;;;;;;;;;;;;;;;;;;;;;;;;;;;;;;;;;;;;;;;;;;;;;;;;;;;;;;;;;;;;;;;;;;"Objektmaß LxBxH: 300 x 335 x 135 mm
Masse: 5,3 kg";;;RZ 6.KTD.SR 16.F 48.B 02;;;;;"\\dtmbgw2\museumplus\Objektbilder\verknüpft\2025\1-2025-0044-000-000.JPG
\\dtmbgw2\museumplus\Objektbilder\verknüpft\2025\1-2025-0044-000-001.JPG
\\dtmbgw2\museumplus\Objektbilder\verknüpft\2025\1-2025-0044-000-002.JPG
\\dtmbgw2\museumplus\Objektbilder\ve";1932 - 1934;
;;;;1/2025/0044 0;"Remington Rand, Remington Typewriter Company U. S.
unbekannt";;;;;;;;;;;;;;;;;;;;;;;;;;;;;;;;;;;;;;;;;;;;;;;;;;;;;;;;;;;;;;;;;;;;"Objektmaß LxBxH: 300 x 335 x 135 mm
Masse: 5,3 kg";;;RZ 6.KTD.SR 16.F 48.B 02;;;;;"\\dtmbgw2\museumplus\Objektbilder\verknüpft\2025\1-2025-0044-000-000.JPG
\\dtmbgw2\museumplus\Objektbilder\verknüpft\2025\1-2025-0044-000-001.JPG
\\dtmbgw2\museumplus\Objektbilder\verknüpft\2025\1-2025-0044-000-002.JPG
\\dtmbgw2\museumplus\Objektbilder\ve";1932 - 1934;
;;;;1/2025/0045 0;"Mercedes Büromaschinenwerke AG
unbekannt";;;;;;;;;;;;;;;;;;;;;;;;;;;;;;;;;;;;;;;;;;;;;;;;;;;;;;;;;;;;;;;;;;Metall;;"Objektmaß LxBxH: 310 x 310 x 155 mm
Objektmaß LxBxH: Kiste/Koffer 335 x 330 x 165 mm
Masse: 5,6 kg";;;RZ 6.KTD.SR 16.F 48.B 01;;;;;"\\dtmbgw2\museumplus\Objektbilder\verknüpft\2025\1-2025-0045-000-004.JPG
\\dtmbgw2\museumplus\Objektbilder\verknüpft\2025\1-2025-0045-000-000.JPG
\\dtmbgw2\museumplus\Objektbilder\verknüpft\2025\1-2025-0045-000-001.JPG
\\dtmbgw2\museumplus\Objektbilder\ve";Herstellungsjahr, 1939;
;;;;1/2025/0045 0;"Mercedes Büromaschinenwerke AG
unbekannt";;;;;;;;;;;;;;;;;;;;;;;;;;;;;;;;;;;;;;;;;;;;;;;;;;;;;;;;;;;;;;;;;;Metall;;"Objektmaß LxBxH: 310 x 310 x 155 mm
Objektmaß LxBxH: Kiste/Koffer 335 x 330 x 165 mm
Masse: 5,6 kg";;;RZ 6.KTD.SR 16.F 48.B 01;;;;;"\\dtmbgw2\museumplus\Objektbilder\verknüpft\2025\1-2025-0045-000-004.JPG
\\dtmbgw2\museumplus\Objektbilder\verknüpft\2025\1-2025-0045-000-000.JPG
\\dtmbgw2\museumplus\Objektbilder\verknüpft\2025\1-2025-0045-000-001.JPG
\\dtmbgw2\museumplus\Objektbilder\ve";Herstellungsjahr, 1939;
;;;;1/2025/0045 0;"Mercedes Büromaschinenwerke AG
unbekannt";;;;;;;;;;;;;;;;;;;;;;;;;;;;;;;;;;;;;;;;;;;;;;;;;;;;;;;;;;;;;;;;;;Metall;;"Objektmaß LxBxH: 310 x 310 x 155 mm
Objektmaß LxBxH: Kiste/Koffer 335 x 330 x 165 mm
Masse: 5,6 kg";;;RZ 6.KTD.SR 16.F 48.B 01;;;;;"\\dtmbgw2\museumplus\Objektbilder\verknüpft\2025\1-2025-0045-000-004.JPG
\\dtmbgw2\museumplus\Objektbilder\verknüpft\2025\1-2025-0045-000-000.JPG
\\dtmbgw2\museumplus\Objektbilder\verknüpft\2025\1-2025-0045-000-001.JPG
\\dtmbgw2\museumplus\Objektbilder\ve";Herstellungsjahr, 1939;
;;;;1/2025/0045 0;"Mercedes Büromaschinenwerke AG
unbekannt";;;;;;;;;;;;;;;;;;;;;;;;;;;;;;;;;;;;;;;;;;;;;;;;;;;;;;;;;;;;;;;;;;Metall;;"Objektmaß LxBxH: 310 x 310 x 155 mm
Objektmaß LxBxH: Kiste/Koffer 335 x 330 x 165 mm
Masse: 5,6 kg";;;RZ 6.KTD.SR 16.F 48.B 01;;;;;"\\dtmbgw2\museumplus\Objektbilder\verknüpft\2025\1-2025-0045-000-004.JPG
\\dtmbgw2\museumplus\Objektbilder\verknüpft\2025\1-2025-0045-000-000.JPG
\\dtmbgw2\museumplus\Objektbilder\verknüpft\2025\1-2025-0045-000-001.JPG
\\dtmbgw2\museumplus\Objektbilder\ve";Herstellungsjahr, 1939;
;;;;1/2025/0045 0;"Mercedes Büromaschinenwerke AG
unbekannt";;;;;;;;;;;;;;;;;;;;;;;;;;;;;;;;;;;;;;;;;;;;;;;;;;;;;;;;;;;;;;;;;;Metall;;"Objektmaß LxBxH: 310 x 310 x 155 mm
Objektmaß LxBxH: Kiste/Koffer 335 x 330 x 165 mm
Masse: 5,6 kg";;;RZ 6.KTD.SR 16.F 48.B 01;;;;;"\\dtmbgw2\museumplus\Objektbilder\verknüpft\2025\1-2025-0045-000-004.JPG
\\dtmbgw2\museumplus\Objektbilder\verknüpft\2025\1-2025-0045-000-000.JPG
\\dtmbgw2\museumplus\Objektbilder\verknüpft\2025\1-2025-0045-000-001.JPG
\\dtmbgw2\museumplus\Objektbilder\ve";Herstellungsjahr, 1939;
;;;;1/2025/0046 0;"Maschinenfabrik Kappel AG
unbekannt";;;;;;;;;;;;;;;;;;;;;;;;;;;;;;;;;;;;;;;;;;;;;;;;;;;;;;;;;;;;;;;;;;Metall;;"Objektmaß LxBxH: 320 x 325 x 150 mm
Masse: 5,85 kg
Objektmaß LxBxH: Kistenmaß 330 x 345 x 155 mm";;;RZ 6.KTD.SR 16.F 48.B 06;;;;;"\\dtmbgw2\museumplus\Objektbilder\verknüpft\2025\1-2025-0046-000-000.JPG
\\dtmbgw2\museumplus\Objektbilder\verknüpft\2025\1-2025-0046-000-001.JPG
\\dtmbgw2\museumplus\Objektbilder\verknüpft\2025\1-2025-0046-000-002.JPG
\\dtmbgw2\museumplus\Objektbilder\ve";Herstellungsjahr;
;;;;1/2025/0046 0;"Maschinenfabrik Kappel AG
unbekannt";;;;;;;;;;;;;;;;;;;;;;;;;;;;;;;;;;;;;;;;;;;;;;;;;;;;;;;;;;;;;;;;;;Metall;;"Objektmaß LxBxH: 320 x 325 x 150 mm
Masse: 5,85 kg
Objektmaß LxBxH: Kistenmaß 330 x 345 x 155 mm";;;RZ 6.KTD.SR 16.F 48.B 06;;;;;"\\dtmbgw2\museumplus\Objektbilder\verknüpft\2025\1-2025-0046-000-000.JPG
\\dtmbgw2\museumplus\Objektbilder\verknüpft\2025\1-2025-0046-000-001.JPG
\\dtmbgw2\museumplus\Objektbilder\verknüpft\2025\1-2025-0046-000-002.JPG
\\dtmbgw2\museumplus\Objektbilder\ve";Herstellungsjahr;
;;;;1/2025/0046 0;"Maschinenfabrik Kappel AG
unbekannt";;;;;;;;;;;;;;;;;;;;;;;;;;;;;;;;;;;;;;;;;;;;;;;;;;;;;;;;;;;;;;;;;;Metall;;"Objektmaß LxBxH: 320 x 325 x 150 mm
Masse: 5,85 kg
Objektmaß LxBxH: Kistenmaß 330 x 345 x 155 mm";;;RZ 6.KTD.SR 16.F 48.B 06;;;;;"\\dtmbgw2\museumplus\Objektbilder\verknüpft\2025\1-2025-0046-000-000.JPG
\\dtmbgw2\museumplus\Objektbilder\verknüpft\2025\1-2025-0046-000-001.JPG
\\dtmbgw2\museumplus\Objektbilder\verknüpft\2025\1-2025-0046-000-002.JPG
\\dtmbgw2\museumplus\Objektbilder\ve";Herstellungsjahr;
;;;;1/2025/0046 0;"Maschinenfabrik Kappel AG
unbekannt";;;;;;;;;;;;;;;;;;;;;;;;;;;;;;;;;;;;;;;;;;;;;;;;;;;;;;;;;;;;;;;;;;Metall;;"Objektmaß LxBxH: 320 x 325 x 150 mm
Masse: 5,85 kg
Objektmaß LxBxH: Kistenmaß 330 x 345 x 155 mm";;;RZ 6.KTD.SR 16.F 48.B 06;;;;;"\\dtmbgw2\museumplus\Objektbilder\verknüpft\2025\1-2025-0046-000-000.JPG
\\dtmbgw2\museumplus\Objektbilder\verknüpft\2025\1-2025-0046-000-001.JPG
\\dtmbgw2\museumplus\Objektbilder\verknüpft\2025\1-2025-0046-000-002.JPG
\\dtmbgw2\museumplus\Objektbilder\ve";Herstellungsjahr;
;;;;1/2025/0046 0;"Maschinenfabrik Kappel AG
unbekannt";;;;;;;;;;;;;;;;;;;;;;;;;;;;;;;;;;;;;;;;;;;;;;;;;;;;;;;;;;;;;;;;;;Metall;;"Objektmaß LxBxH: 320 x 325 x 150 mm
Masse: 5,85 kg
Objektmaß LxBxH: Kistenmaß 330 x 345 x 155 mm";;;RZ 6.KTD.SR 16.F 48.B 06;;;;;"\\dtmbgw2\museumplus\Objektbilder\verknüpft\2025\1-2025-0046-000-000.JPG
\\dtmbgw2\museumplus\Objektbilder\verknüpft\2025\1-2025-0046-000-001.JPG
\\dtmbgw2\museumplus\Objektbilder\verknüpft\2025\1-2025-0046-000-002.JPG
\\dtmbgw2\museumplus\Objektbilder\ve";Herstellungsjahr;
;;;;1/2025/0299 0;"IBM Internationale Büro-Maschinen GmbH
unbekannt";;;;;;;;;;;;;;;;;;;;;;;;;;;;;;;;;;;;;;;;;;;;;;;;;;;;;;;;;;;;;;;;;;;;"Objektmaß LxBxH: 430 x 480 x 240 mm
Masse: 17 kg";;;RZ 6.KTD.SR 16.F 49.B 04;;;;;"\\dtmbgw2\museumplus\Objektbilder\verknüpft\2025\1-2025-0299-000-000.JPG
\\dtmbgw2\museumplus\Objektbilder\verknüpft\2025\1-2025-0299-000-001.JPG
\\dtmbgw2\museumplus\Objektbilder\verknüpft\2025\1-2025-0299-000-002.JPG
\\dtmbgw2\museumplus\Objektbilder\ve";1965 - 1966;
;;;;1/2025/0299 0;"IBM Internationale Büro-Maschinen GmbH
unbekannt";;;;;;;;;;;;;;;;;;;;;;;;;;;;;;;;;;;;;;;;;;;;;;;;;;;;;;;;;;;;;;;;;;;;"Objektmaß LxBxH: 430 x 480 x 240 mm
Masse: 17 kg";;;RZ 6.KTD.SR 16.F 49.B 04;;;;;"\\dtmbgw2\museumplus\Objektbilder\verknüpft\2025\1-2025-0299-000-000.JPG
\\dtmbgw2\museumplus\Objektbilder\verknüpft\2025\1-2025-0299-000-001.JPG
\\dtmbgw2\museumplus\Objektbilder\verknüpft\2025\1-2025-0299-000-002.JPG
\\dtmbgw2\museumplus\Objektbilder\ve";1965 - 1966;
;;;;1/2025/0299 0;"IBM Internationale Büro-Maschinen GmbH
unbekannt";;;;;;;;;;;;;;;;;;;;;;;;;;;;;;;;;;;;;;;;;;;;;;;;;;;;;;;;;;;;;;;;;;;;"Objektmaß LxBxH: 430 x 480 x 240 mm
Masse: 17 kg";;;RZ 6.KTD.SR 16.F 49.B 04;;;;;"\\dtmbgw2\museumplus\Objektbilder\verknüpft\2025\1-2025-0299-000-000.JPG
\\dtmbgw2\museumplus\Objektbilder\verknüpft\2025\1-2025-0299-000-001.JPG
\\dtmbgw2\museumplus\Objektbilder\verknüpft\2025\1-2025-0299-000-002.JPG
\\dtmbgw2\museumplus\Objektbilder\ve";1965 - 1966;
;;;;1/2025/0299 0;"IBM Internationale Büro-Maschinen GmbH
unbekannt";;;;;;;;;;;;;;;;;;;;;;;;;;;;;;;;;;;;;;;;;;;;;;;;;;;;;;;;;;;;;;;;;;;;"Objektmaß LxBxH: 430 x 480 x 240 mm
Masse: 17 kg";;;RZ 6.KTD.SR 16.F 49.B 04;;;;;"\\dtmbgw2\museumplus\Objektbilder\verknüpft\2025\1-2025-0299-000-000.JPG
\\dtmbgw2\museumplus\Objektbilder\verknüpft\2025\1-2025-0299-000-001.JPG
\\dtmbgw2\museumplus\Objektbilder\verknüpft\2025\1-2025-0299-000-002.JPG
\\dtmbgw2\museumplus\Objektbilder\ve";1965 - 1966;
;;;;1/2025/0300 0;"Triumph - Werke
unbekannt";;;;;;;;;;;;;;;;;;;;;;;;;;;;;;;;;;;;;;;;;;;;;;;;;;;;;;;;;;;;;;;;;;Metall, Kunststoff, Stoff, Gummi, Plexiglas;;"Objektmaß LxBxH: 450 x 515 x 220 mm
Masse: 22,14 kg";;;RZ 6.KTD.SR 16.F 49.B 05;;;;;"\\dtmbgw2\museumplus\Objektbilder\verknüpft\2025\1-2025-0300-000-000.JPG
\\dtmbgw2\museumplus\Objektbilder\verknüpft\2025\1-2025-0300-000-001.JPG
\\dtmbgw2\museumplus\Objektbilder\verknüpft\2025\1-2025-0300-000-002.JPG
\\dtmbgw2\museumplus\Objektbilder\ve";Herstellungsjahr, 1965 ca.;
;;;;1/2025/0300 0;"Triumph - Werke
unbekannt";;;;;;;;;;;;;;;;;;;;;;;;;;;;;;;;;;;;;;;;;;;;;;;;;;;;;;;;;;;;;;;;;;Metall, Kunststoff, Stoff, Gummi, Plexiglas;;"Objektmaß LxBxH: 450 x 515 x 220 mm
Masse: 22,14 kg";;;RZ 6.KTD.SR 16.F 49.B 05;;;;;"\\dtmbgw2\museumplus\Objektbilder\verknüpft\2025\1-2025-0300-000-000.JPG
\\dtmbgw2\museumplus\Objektbilder\verknüpft\2025\1-2025-0300-000-001.JPG
\\dtmbgw2\museumplus\Objektbilder\verknüpft\2025\1-2025-0300-000-002.JPG
\\dtmbgw2\museumplus\Objektbilder\ve";Herstellungsjahr, 1965 ca.;
;;;;1/2025/0300 0;"Triumph - Werke
unbekannt";;;;;;;;;;;;;;;;;;;;;;;;;;;;;;;;;;;;;;;;;;;;;;;;;;;;;;;;;;;;;;;;;;Metall, Kunststoff, Stoff, Gummi, Plexiglas;;"Objektmaß LxBxH: 450 x 515 x 220 mm
Masse: 22,14 kg";;;RZ 6.KTD.SR 16.F 49.B 05;;;;;"\\dtmbgw2\museumplus\Objektbilder\verknüpft\2025\1-2025-0300-000-000.JPG
\\dtmbgw2\museumplus\Objektbilder\verknüpft\2025\1-2025-0300-000-001.JPG
\\dtmbgw2\museumplus\Objektbilder\verknüpft\2025\1-2025-0300-000-002.JPG
\\dtmbgw2\museumplus\Objektbilder\ve";Herstellungsjahr, 1965 ca.;
;;;;1/2025/0300 0;"Triumph - Werke
unbekannt";;;;;;;;;;;;;;;;;;;;;;;;;;;;;;;;;;;;;;;;;;;;;;;;;;;;;;;;;;;;;;;;;;Metall, Kunststoff, Stoff, Gummi, Plexiglas;;"Objektmaß LxBxH: 450 x 515 x 220 mm
Masse: 22,14 kg";;;RZ 6.KTD.SR 16.F 49.B 05;;;;;"\\dtmbgw2\museumplus\Objektbilder\verknüpft\2025\1-2025-0300-000-000.JPG
\\dtmbgw2\museumplus\Objektbilder\verknüpft\2025\1-2025-0300-000-001.JPG
\\dtmbgw2\museumplus\Objektbilder\verknüpft\2025\1-2025-0300-000-002.JPG
\\dtmbgw2\museumplus\Objektbilder\ve";Herstellungsjahr, 1965 ca.;
;;;;1/2025/0300 0;"Triumph - Werke
unbekannt";;;;;;;;;;;;;;;;;;;;;;;;;;;;;;;;;;;;;;;;;;;;;;;;;;;;;;;;;;;;;;;;;;Metall, Kunststoff, Stoff, Gummi, Plexiglas;;"Objektmaß LxBxH: 450 x 515 x 220 mm
Masse: 22,14 kg";;;RZ 6.KTD.SR 16.F 49.B 05;;;;;"\\dtmbgw2\museumplus\Objektbilder\verknüpft\2025\1-2025-0300-000-000.JPG
\\dtmbgw2\museumplus\Objektbilder\verknüpft\2025\1-2025-0300-000-001.JPG
\\dtmbgw2\museumplus\Objektbilder\verknüpft\2025\1-2025-0300-000-002.JPG
\\dtmbgw2\museumplus\Objektbilder\ve";Herstellungsjahr, 1965 ca.;
;;;;1/2025/0300 0;"Triumph - Werke
unbekannt";;;;;;;;;;;;;;;;;;;;;;;;;;;;;;;;;;;;;;;;;;;;;;;;;;;;;;;;;;;;;;;;;;Metall, Kunststoff, Stoff, Gummi, Plexiglas;;"Objektmaß LxBxH: 450 x 515 x 220 mm
Masse: 22,14 kg";;;RZ 6.KTD.SR 16.F 49.B 05;;;;;"\\dtmbgw2\museumplus\Objektbilder\verknüpft\2025\1-2025-0300-000-000.JPG
\\dtmbgw2\museumplus\Objektbilder\verknüpft\2025\1-2025-0300-000-001.JPG
\\dtmbgw2\museumplus\Objektbilder\verknüpft\2025\1-2025-0300-000-002.JPG
\\dtmbgw2\museumplus\Objektbilder\ve";Herstellungsjahr, 1965 ca.;
;;;;1/2025/0301 0;"IBM Internationale Büro-Maschinen GmbH
unbekannt";;;;;;;;;;;;;;;;;;;;;;;;;;;;;;;;;;;;;;;;;;;;;;;;;;;;;;;;;;;;;;;;;;Metall, Kunststoff, Gummi, Stoff;;"Objektmaß LxBxH: 425 x 495 x 235 mm
Masse: 22,48 kg";;;RZ 6.KTD.SR 16.F 49.B 05;;;;;"\\dtmbgw2\museumplus\Objektbilder\verknüpft\2025\1-2025-0301-000-000.JPG
\\dtmbgw2\museumplus\Objektbilder\verknüpft\2025\1-2025-0301-000-001.JPG
\\dtmbgw2\museumplus\Objektbilder\verknüpft\2025\1-2025-0301-000-002.JPG";Herstellungsjahr, 1965 - 1965;
;;;;1/2025/0301 0;"IBM Internationale Büro-Maschinen GmbH
unbekannt";;;;;;;;;;;;;;;;;;;;;;;;;;;;;;;;;;;;;;;;;;;;;;;;;;;;;;;;;;;;;;;;;;Metall, Kunststoff, Gummi, Stoff;;"Objektmaß LxBxH: 425 x 495 x 235 mm
Masse: 22,48 kg";;;RZ 6.KTD.SR 16.F 49.B 05;;;;;"\\dtmbgw2\museumplus\Objektbilder\verknüpft\2025\1-2025-0301-000-000.JPG
\\dtmbgw2\museumplus\Objektbilder\verknüpft\2025\1-2025-0301-000-001.JPG
\\dtmbgw2\museumplus\Objektbilder\verknüpft\2025\1-2025-0301-000-002.JPG";Herstellungsjahr, 1965 - 1965;
;;;;1/2025/0301 0;"IBM Internationale Büro-Maschinen GmbH
unbekannt";;;;;;;;;;;;;;;;;;;;;;;;;;;;;;;;;;;;;;;;;;;;;;;;;;;;;;;;;;;;;;;;;;Metall, Kunststoff, Gummi, Stoff;;"Objektmaß LxBxH: 425 x 495 x 235 mm
Masse: 22,48 kg";;;RZ 6.KTD.SR 16.F 49.B 05;;;;;"\\dtmbgw2\museumplus\Objektbilder\verknüpft\2025\1-2025-0301-000-000.JPG
\\dtmbgw2\museumplus\Objektbilder\verknüpft\2025\1-2025-0301-000-001.JPG
\\dtmbgw2\museumplus\Objektbilder\verknüpft\2025\1-2025-0301-000-002.JPG";Herstellungsjahr, 1965 - 1965;
;;;;1/2025/0333 0;"Triumph-Adler
unbekannt";;;;;;;;;;;;;;;;;;;;;;;;;;;;;;;;;;;;;;;;;;;;;;;;;;;;;;;;;;;;;;;;;;;;"Masse: 20,7 kg
Objektmaß LxBxH: 440 x 530 x 215 mm";;;RZ 6.KTD.SR 16.F 49.B 01;;;;;"\\dtmbgw2\museumplus\Objektbilder\verknüpft\2025\1-2025-0333-000-100.JPG
\\dtmbgw2\museumplus\Objektbilder\verknüpft\2025\1-2025-0333-000-101.JPG
\\dtmbgw2\museumplus\Objektbilder\verknüpft\2025\1-2025-0333-000-102.JPG
\\dtmbgw2\museumplus\Objektbilder\ve";1964 - 1968;
;;;;1/2025/0333 0;"Triumph-Adler
unbekannt";;;;;;;;;;;;;;;;;;;;;;;;;;;;;;;;;;;;;;;;;;;;;;;;;;;;;;;;;;;;;;;;;;;;"Masse: 20,7 kg
Objektmaß LxBxH: 440 x 530 x 215 mm";;;RZ 6.KTD.SR 16.F 49.B 01;;;;;"\\dtmbgw2\museumplus\Objektbilder\verknüpft\2025\1-2025-0333-000-100.JPG
\\dtmbgw2\museumplus\Objektbilder\verknüpft\2025\1-2025-0333-000-101.JPG
\\dtmbgw2\museumplus\Objektbilder\verknüpft\2025\1-2025-0333-000-102.JPG
\\dtmbgw2\museumplus\Objektbilder\ve";1964 - 1968;
;;;;1/2025/0333 0;"Triumph-Adler
unbekannt";;;;;;;;;;;;;;;;;;;;;;;;;;;;;;;;;;;;;;;;;;;;;;;;;;;;;;;;;;;;;;;;;;;;"Masse: 20,7 kg
Objektmaß LxBxH: 440 x 530 x 215 mm";;;RZ 6.KTD.SR 16.F 49.B 01;;;;;"\\dtmbgw2\museumplus\Objektbilder\verknüpft\2025\1-2025-0333-000-100.JPG
\\dtmbgw2\museumplus\Objektbilder\verknüpft\2025\1-2025-0333-000-101.JPG
\\dtmbgw2\museumplus\Objektbilder\verknüpft\2025\1-2025-0333-000-102.JPG
\\dtmbgw2\museumplus\Objektbilder\ve";1964 - 1968;
;;;;1/2025/0333 0;"Triumph-Adler
unbekannt";;;;;;;;;;;;;;;;;;;;;;;;;;;;;;;;;;;;;;;;;;;;;;;;;;;;;;;;;;;;;;;;;;;;"Masse: 20,7 kg
Objektmaß LxBxH: 440 x 530 x 215 mm";;;RZ 6.KTD.SR 16.F 49.B 01;;;;;"\\dtmbgw2\museumplus\Objektbilder\verknüpft\2025\1-2025-0333-000-100.JPG
\\dtmbgw2\museumplus\Objektbilder\verknüpft\2025\1-2025-0333-000-101.JPG
\\dtmbgw2\museumplus\Objektbilder\verknüpft\2025\1-2025-0333-000-102.JPG
\\dtmbgw2\museumplus\Objektbilder\ve";1964 - 1968;
;;;;1/2025/0333 0;"Triumph-Adler
unbekannt";;;;;;;;;;;;;;;;;;;;;;;;;;;;;;;;;;;;;;;;;;;;;;;;;;;;;;;;;;;;;;;;;;;;"Masse: 20,7 kg
Objektmaß LxBxH: 440 x 530 x 215 mm";;;RZ 6.KTD.SR 16.F 49.B 01;;;;;"\\dtmbgw2\museumplus\Objektbilder\verknüpft\2025\1-2025-0333-000-100.JPG
\\dtmbgw2\museumplus\Objektbilder\verknüpft\2025\1-2025-0333-000-101.JPG
\\dtmbgw2\museumplus\Objektbilder\verknüpft\2025\1-2025-0333-000-102.JPG
\\dtmbgw2\museumplus\Objektbilder\ve";1964 - 1968;
;;;;1/2025/0334 0;"AEG Deutsche Werke AG
unbekannt";;;;;;;;;;;;;;;;;;;;;;;;;;;;;;;;;;;;;;;;;;;;;;;;;;;;;;;;;;;;;;;;;;;;"Masse: 3,95 kg
Objektmaß LxBxH: 320 x 225 x 150 mm";;;RZ 6.KTD.SR 16.F 47.B 05;;;;;"\\dtmbgw2\museumplus\Objektbilder\verknüpft\2025\1-2025-0334-000-100.JPG
\\dtmbgw2\museumplus\Objektbilder\verknüpft\2025\1-2025-0334-000-101.JPG
\\dtmbgw2\museumplus\Objektbilder\verknüpft\2025\1-2025-0334-000-102.JPG
\\dtmbgw2\museumplus\Objektbilder\ve";1929 - 1930;
;;;;1/2025/0334 0;"AEG Deutsche Werke AG
unbekannt";;;;;;;;;;;;;;;;;;;;;;;;;;;;;;;;;;;;;;;;;;;;;;;;;;;;;;;;;;;;;;;;;;;;"Masse: 3,95 kg
Objektmaß LxBxH: 320 x 225 x 150 mm";;;RZ 6.KTD.SR 16.F 47.B 05;;;;;"\\dtmbgw2\museumplus\Objektbilder\verknüpft\2025\1-2025-0334-000-100.JPG
\\dtmbgw2\museumplus\Objektbilder\verknüpft\2025\1-2025-0334-000-101.JPG
\\dtmbgw2\museumplus\Objektbilder\verknüpft\2025\1-2025-0334-000-102.JPG
\\dtmbgw2\museumplus\Objektbilder\ve";1929 - 1930;
;;;;1/2025/0334 0;"AEG Deutsche Werke AG
unbekannt";;;;;;;;;;;;;;;;;;;;;;;;;;;;;;;;;;;;;;;;;;;;;;;;;;;;;;;;;;;;;;;;;;;;"Masse: 3,95 kg
Objektmaß LxBxH: 320 x 225 x 150 mm";;;RZ 6.KTD.SR 16.F 47.B 05;;;;;"\\dtmbgw2\museumplus\Objektbilder\verknüpft\2025\1-2025-0334-000-100.JPG
\\dtmbgw2\museumplus\Objektbilder\verknüpft\2025\1-2025-0334-000-101.JPG
\\dtmbgw2\museumplus\Objektbilder\verknüpft\2025\1-2025-0334-000-102.JPG
\\dtmbgw2\museumplus\Objektbilder\ve";1929 - 1930;
;;;;1/2025/0334 0;"AEG Deutsche Werke AG
unbekannt";;;;;;;;;;;;;;;;;;;;;;;;;;;;;;;;;;;;;;;;;;;;;;;;;;;;;;;;;;;;;;;;;;;;"Masse: 3,95 kg
Objektmaß LxBxH: 320 x 225 x 150 mm";;;RZ 6.KTD.SR 16.F 47.B 05;;;;;"\\dtmbgw2\museumplus\Objektbilder\verknüpft\2025\1-2025-0334-000-100.JPG
\\dtmbgw2\museumplus\Objektbilder\verknüpft\2025\1-2025-0334-000-101.JPG
\\dtmbgw2\museumplus\Objektbilder\verknüpft\2025\1-2025-0334-000-102.JPG
\\dtmbgw2\museumplus\Objektbilder\ve";1929 - 1930;
;;;;1/2025/0335 0;"AEG Deutsche Werke AG
Renate Bauch";;;;;;;;;;;;;;;;;;;;;;;;;;;;;;;;;;;;;;;;;;;;;;;;;;;;;;;;;;;;;;;;;;;;"Objektmaß LxBxH: 335 x 330 x 220 mm
Masse: 9,2 kg";;;RZ 6.KTD.SR 16.F 45.B 06;;;;;"\\dtmbgw2\museumplus\Objektbilder\verknüpft\2025\1-2025-0335-000-103.JPG
\\dtmbgw2\museumplus\Objektbilder\verknüpft\2025\1-2025-0335-000-104.JPG
\\dtmbgw2\museumplus\Objektbilder\verknüpft\2025\1-2025-0335-000-105.JPG
\\dtmbgw2\museumplus\Objektbilder\ve";1930 - 1931;
;;;;1/2025/0335 0;"AEG Deutsche Werke AG
Renate Bauch";;;;;;;;;;;;;;;;;;;;;;;;;;;;;;;;;;;;;;;;;;;;;;;;;;;;;;;;;;;;;;;;;;;;"Objektmaß LxBxH: 335 x 330 x 220 mm
Masse: 9,2 kg";;;RZ 6.KTD.SR 16.F 45.B 06;;;;;"\\dtmbgw2\museumplus\Objektbilder\verknüpft\2025\1-2025-0335-000-103.JPG
\\dtmbgw2\museumplus\Objektbilder\verknüpft\2025\1-2025-0335-000-104.JPG
\\dtmbgw2\museumplus\Objektbilder\verknüpft\2025\1-2025-0335-000-105.JPG
\\dtmbgw2\museumplus\Objektbilder\ve";1930 - 1931;
;;;;1/2025/0335 0;"AEG Deutsche Werke AG
Renate Bauch";;;;;;;;;;;;;;;;;;;;;;;;;;;;;;;;;;;;;;;;;;;;;;;;;;;;;;;;;;;;;;;;;;;;"Objektmaß LxBxH: 335 x 330 x 220 mm
Masse: 9,2 kg";;;RZ 6.KTD.SR 16.F 45.B 06;;;;;"\\dtmbgw2\museumplus\Objektbilder\verknüpft\2025\1-2025-0335-000-103.JPG
\\dtmbgw2\museumplus\Objektbilder\verknüpft\2025\1-2025-0335-000-104.JPG
\\dtmbgw2\museumplus\Objektbilder\verknüpft\2025\1-2025-0335-000-105.JPG
\\dtmbgw2\museumplus\Objektbilder\ve";1930 - 1931;
;;;;1/2025/0335 0;"AEG Deutsche Werke AG
Renate Bauch";;;;;;;;;;;;;;;;;;;;;;;;;;;;;;;;;;;;;;;;;;;;;;;;;;;;;;;;;;;;;;;;;;;;"Objektmaß LxBxH: 335 x 330 x 220 mm
Masse: 9,2 kg";;;RZ 6.KTD.SR 16.F 45.B 06;;;;;"\\dtmbgw2\museumplus\Objektbilder\verknüpft\2025\1-2025-0335-000-103.JPG
\\dtmbgw2\museumplus\Objektbilder\verknüpft\2025\1-2025-0335-000-104.JPG
\\dtmbgw2\museumplus\Objektbilder\verknüpft\2025\1-2025-0335-000-105.JPG
\\dtmbgw2\museumplus\Objektbilder\ve";1930 - 1931;
;;;;1/2025/0335 0;"AEG Deutsche Werke AG
Renate Bauch";;;;;;;;;;;;;;;;;;;;;;;;;;;;;;;;;;;;;;;;;;;;;;;;;;;;;;;;;;;;;;;;;;;;"Objektmaß LxBxH: 335 x 330 x 220 mm
Masse: 9,2 kg";;;RZ 6.KTD.SR 16.F 45.B 06;;;;;"\\dtmbgw2\museumplus\Objektbilder\verknüpft\2025\1-2025-0335-000-103.JPG
\\dtmbgw2\museumplus\Objektbilder\verknüpft\2025\1-2025-0335-000-104.JPG
\\dtmbgw2\museumplus\Objektbilder\verknüpft\2025\1-2025-0335-000-105.JPG
\\dtmbgw2\museumplus\Objektbilder\ve";1930 - 1931;
;;;;1/2025/0335 0;"AEG Deutsche Werke AG
Renate Bauch";;;;;;;;;;;;;;;;;;;;;;;;;;;;;;;;;;;;;;;;;;;;;;;;;;;;;;;;;;;;;;;;;;;;"Objektmaß LxBxH: 335 x 330 x 220 mm
Masse: 9,2 kg";;;RZ 6.KTD.SR 16.F 45.B 06;;;;;"\\dtmbgw2\museumplus\Objektbilder\verknüpft\2025\1-2025-0335-000-103.JPG
\\dtmbgw2\museumplus\Objektbilder\verknüpft\2025\1-2025-0335-000-104.JPG
\\dtmbgw2\museumplus\Objektbilder\verknüpft\2025\1-2025-0335-000-105.JPG
\\dtmbgw2\museumplus\Objektbilder\ve";1930 - 1931;
;;;;1/2025/0336 0;"Mercedes Büromaschinenwerke AG
unbekannt";;;;;;;;;;;;;;;;;;;;;;;;;;;;;;;;;;;;;;;;;;;;;;;;;;;;;;;;;;;;;;;;;;;;;;;RZ 6.KTD.SR 16.F 47.B 06;;;;;"\\dtmbgw2\museumplus\Objektbilder\verknüpft\2025\1-2025-0336-000-100.JPG
\\dtmbgw2\museumplus\Objektbilder\verknüpft\2025\1-2025-0336-000-101.JPG";;
;;;;1/2025/0336 0;"Mercedes Büromaschinenwerke AG
unbekannt";;;;;;;;;;;;;;;;;;;;;;;;;;;;;;;;;;;;;;;;;;;;;;;;;;;;;;;;;;;;;;;;;;;;;;;RZ 6.KTD.SR 16.F 47.B 06;;;;;"\\dtmbgw2\museumplus\Objektbilder\verknüpft\2025\1-2025-0336-000-100.JPG
\\dtmbgw2\museumplus\Objektbilder\verknüpft\2025\1-2025-0336-000-101.JPG";;
;;;;1/2025/0371 0;AEG-Olympia AG, Wilhelmshaven;;;;;;;;;;;;;;;;;;;;;;;;;;;;;;;;;;;;;;;;;;;;;;;;;;;;;;;;;;;;;;;;;;;;"Objektmaß LxBxH: 475 x 520 x 250 mm
Masse: 25 kg";;;RZ 6.KTD.SR 16.F 49.B 03;;;;;\\dtmbgw2\museumplus\Objektbilder\verknüpft\2025\1-2025-0371-000-100.JPG;1975 - 1977;
;;;;1/2025/0372 0;IBM, Sindelfingen;;;;;;;;;;;;;;;;;;;;;;;;;;;;;;;;;;;;;;;;;;;;;;;;;;;;;;;;;;;;;;;;;;;;"Objektmaß LxBxH: 420 x 500 x 270 mm
Masse: 17 kg";;;RZ 6.KTD.SR 16.F 44.B 04;;;;;"\\dtmbgw2\museumplus\Objektbilder\verknüpft\2025\1-2025-0372-000-100.JPG
\\dtmbgw2\museumplus\Objektbilder\verknüpft\2025\1-2025-0372-000-101.JPG";1965 - 1975;
;;;;1/2025/0372 0;IBM, Sindelfingen;;;;;;;;;;;;;;;;;;;;;;;;;;;;;;;;;;;;;;;;;;;;;;;;;;;;;;;;;;;;;;;;;;;;"Objektmaß LxBxH: 420 x 500 x 270 mm
Masse: 17 kg";;;RZ 6.KTD.SR 16.F 44.B 04;;;;;"\\dtmbgw2\museumplus\Objektbilder\verknüpft\2025\1-2025-0372-000-100.JPG
\\dtmbgw2\museumplus\Objektbilder\verknüpft\2025\1-2025-0372-000-101.JPG";1965 - 1975;
;;;;1/2025/0382 0;"IBM, Sindelfingen
Frau A. Pahl";;;;;;;;;;;;;;;;;;;;;;;;;;;;;;;;;;;;;;;;;;;;;;;;;;;;;;;;;;;;;;;;;;;;"Objektmaß LxBxH: 500 x 430 x 250 mm
Masse: 22,15 kg";;;RZ 6.KTD.SR 16.F 49.B 02;;;;;"\\dtmbgw2\museumplus\Objektbilder\verknüpft\2025\1-2025-0382-000-000.JPG
\\dtmbgw2\museumplus\Objektbilder\verknüpft\2025\1-2025-0382-000-001.JPG
\\dtmbgw2\museumplus\Objektbilder\verknüpft\2025\1-2025-0382-000-002.JPG";1966;
;;;;1/2025/0382 0;"IBM, Sindelfingen
Frau A. Pahl";;;;;;;;;;;;;;;;;;;;;;;;;;;;;;;;;;;;;;;;;;;;;;;;;;;;;;;;;;;;;;;;;;;;"Objektmaß LxBxH: 500 x 430 x 250 mm
Masse: 22,15 kg";;;RZ 6.KTD.SR 16.F 49.B 02;;;;;"\\dtmbgw2\museumplus\Objektbilder\verknüpft\2025\1-2025-0382-000-000.JPG
\\dtmbgw2\museumplus\Objektbilder\verknüpft\2025\1-2025-0382-000-001.JPG
\\dtmbgw2\museumplus\Objektbilder\verknüpft\2025\1-2025-0382-000-002.JPG";1966;
;;;;1/2025/0382 0;"IBM, Sindelfingen
Frau A. Pahl";;;;;;;;;;;;;;;;;;;;;;;;;;;;;;;;;;;;;;;;;;;;;;;;;;;;;;;;;;;;;;;;;;;;"Objektmaß LxBxH: 500 x 430 x 250 mm
Masse: 22,15 kg";;;RZ 6.KTD.SR 16.F 49.B 02;;;;;"\\dtmbgw2\museumplus\Objektbilder\verknüpft\2025\1-2025-0382-000-000.JPG
\\dtmbgw2\museumplus\Objektbilder\verknüpft\2025\1-2025-0382-000-001.JPG
\\dtmbgw2\museumplus\Objektbilder\verknüpft\2025\1-2025-0382-000-002.JPG";1966;
;;;;1/2025/0383 0;Triumph-Adler, TA AG;;;;;;;;;;;;;;;;;;;;;;;;;;;;;;;;;;;;;;;;;;;;;;;;;;;;;;;;;;;;;;;;;;;;"Objektmaß LxBxH: 440 x 525 x 293 mm
Masse: 21,4 kg";;;RZ 6.KTD.SR 16.F 47.B 05;;;;;"\\dtmbgw2\museumplus\Objektbilder\verknüpft\2025\1-2025-0383-000-000.JPG
\\dtmbgw2\museumplus\Objektbilder\verknüpft\2025\1-2025-0383-000-001.JPG
\\dtmbgw2\museumplus\Objektbilder\verknüpft\2025\1-2025-0383-000-002.JPG";1958 - 1964;
;;;;1/2025/0383 0;Triumph-Adler, TA AG;;;;;;;;;;;;;;;;;;;;;;;;;;;;;;;;;;;;;;;;;;;;;;;;;;;;;;;;;;;;;;;;;;;;"Objektmaß LxBxH: 440 x 525 x 293 mm
Masse: 21,4 kg";;;RZ 6.KTD.SR 16.F 47.B 05;;;;;"\\dtmbgw2\museumplus\Objektbilder\verknüpft\2025\1-2025-0383-000-000.JPG
\\dtmbgw2\museumplus\Objektbilder\verknüpft\2025\1-2025-0383-000-001.JPG
\\dtmbgw2\museumplus\Objektbilder\verknüpft\2025\1-2025-0383-000-002.JPG";1958 - 1964;
;;;;1/2025/0383 0;Triumph-Adler, TA AG;;;;;;;;;;;;;;;;;;;;;;;;;;;;;;;;;;;;;;;;;;;;;;;;;;;;;;;;;;;;;;;;;;;;"Objektmaß LxBxH: 440 x 525 x 293 mm
Masse: 21,4 kg";;;RZ 6.KTD.SR 16.F 47.B 05;;;;;"\\dtmbgw2\museumplus\Objektbilder\verknüpft\2025\1-2025-0383-000-000.JPG
\\dtmbgw2\museumplus\Objektbilder\verknüpft\2025\1-2025-0383-000-001.JPG
\\dtmbgw2\museumplus\Objektbilder\verknüpft\2025\1-2025-0383-000-002.JPG";1958 - 1964;
;;;;1/2025/0384 0;"AEG-Olympia AG, Wilhelmshaven
Olympia-Werke AG";;;;;;;;;;;;;;;;;;;;;;;;;;;;;;;;;;;;;;;;;;;;;;;;;;;;;;;;;;;;;;;;;;;;"Objektmaß LxBxH: 475 x 520 x 250 mm
Masse: 25 kg";;;RZ 6.KTD.SR 16.F 48.B 05;;;;;"\\dtmbgw2\museumplus\Objektbilder\verknüpft\2025\1-2025-0384-000-000.JPG
\\dtmbgw2\museumplus\Objektbilder\verknüpft\2025\1-2025-0384-000-001.JPG
\\dtmbgw2\museumplus\Objektbilder\verknüpft\2025\1-2025-0384-000-002.JPG";1975 - 1977;
;;;;1/2025/0384 0;"AEG-Olympia AG, Wilhelmshaven
Olympia-Werke AG";;;;;;;;;;;;;;;;;;;;;;;;;;;;;;;;;;;;;;;;;;;;;;;;;;;;;;;;;;;;;;;;;;;;"Objektmaß LxBxH: 475 x 520 x 250 mm
Masse: 25 kg";;;RZ 6.KTD.SR 16.F 48.B 05;;;;;"\\dtmbgw2\museumplus\Objektbilder\verknüpft\2025\1-2025-0384-000-000.JPG
\\dtmbgw2\museumplus\Objektbilder\verknüpft\2025\1-2025-0384-000-001.JPG
\\dtmbgw2\museumplus\Objektbilder\verknüpft\2025\1-2025-0384-000-002.JPG";1975 - 1977;
;;;;1/2025/0384 0;"AEG-Olympia AG, Wilhelmshaven
Olympia-Werke AG";;;;;;;;;;;;;;;;;;;;;;;;;;;;;;;;;;;;;;;;;;;;;;;;;;;;;;;;;;;;;;;;;;;;"Objektmaß LxBxH: 475 x 520 x 250 mm
Masse: 25 kg";;;RZ 6.KTD.SR 16.F 48.B 05;;;;;"\\dtmbgw2\museumplus\Objektbilder\verknüpft\2025\1-2025-0384-000-000.JPG
\\dtmbgw2\museumplus\Objektbilder\verknüpft\2025\1-2025-0384-000-001.JPG
\\dtmbgw2\museumplus\Objektbilder\verknüpft\2025\1-2025-0384-000-002.JPG";1975 - 1977;
;;;;1/2025/0385 0;"IBM, Sindelfingen
Felicitas Gross";;;;;;;;;;;;;;;;;;;;;;;;;;;;;;;;;;;;;;;;;;;;;;;;;;;;;;;;;;;;;;;;;;;;"Objektmaß LxBxH: 500 x 430 x 250 mm
Masse: 25 kg";;;RZ 6.KTD.SR 16.F 47.B 02;;;;;"\\dtmbgw2\museumplus\Objektbilder\verknüpft\2025\1-2025-0385-000-000.JPG
\\dtmbgw2\museumplus\Objektbilder\verknüpft\2025\1-2025-0385-000-001.JPG
\\dtmbgw2\museumplus\Objektbilder\verknüpft\2025\1-2025-0385-000-002.JPG";1950er Jahre;
;;;;1/2025/0385 0;"IBM, Sindelfingen
Felicitas Gross";;;;;;;;;;;;;;;;;;;;;;;;;;;;;;;;;;;;;;;;;;;;;;;;;;;;;;;;;;;;;;;;;;;;"Objektmaß LxBxH: 500 x 430 x 250 mm
Masse: 25 kg";;;RZ 6.KTD.SR 16.F 47.B 02;;;;;"\\dtmbgw2\museumplus\Objektbilder\verknüpft\2025\1-2025-0385-000-000.JPG
\\dtmbgw2\museumplus\Objektbilder\verknüpft\2025\1-2025-0385-000-001.JPG
\\dtmbgw2\museumplus\Objektbilder\verknüpft\2025\1-2025-0385-000-002.JPG";1950er Jahre;
;;;;1/2025/0385 0;"IBM, Sindelfingen
Felicitas Gross";;;;;;;;;;;;;;;;;;;;;;;;;;;;;;;;;;;;;;;;;;;;;;;;;;;;;;;;;;;;;;;;;;;;"Objektmaß LxBxH: 500 x 430 x 250 mm
Masse: 25 kg";;;RZ 6.KTD.SR 16.F 47.B 02;;;;;"\\dtmbgw2\museumplus\Objektbilder\verknüpft\2025\1-2025-0385-000-000.JPG
\\dtmbgw2\museumplus\Objektbilder\verknüpft\2025\1-2025-0385-000-001.JPG
\\dtmbgw2\museumplus\Objektbilder\verknüpft\2025\1-2025-0385-000-002.JPG";1950er Jahre;
;;;;1/2025/0390 0;"Allgemeine Elektricitäts-Gesellschaft AEG AG
AEG-Olympia AG, Wilhelmshaven, Nacheis Dokumentation Ordner";;;;;;;;;;;;;;;;;;;;;;;;;;;;;;;;;;;;;;;;;;;;;;;;;;;;;;;;;;;;;;;;;;;;"Masse: 5,5 kg
Objektmaß LxBxH: 310 x 300 x 150 mm";;;RZ 2.KTD.SR 02.F 09.B 07;;;;;"\\dtmbgw2\museumplus\Objektbilder\verknüpft\2025\1-2025-0390-000-000.JPG
\\dtmbgw2\museumplus\Objektbilder\verknüpft\2025\1-2025-0390-000-001.JPG
\\dtmbgw2\museumplus\Objektbilder\verknüpft\2025\1-2025-0390-000-002.JPG
\\dtmbgw2\museumplus\Objektbilder\ve";1918;
;;;;1/2025/0390 0;"Allgemeine Elektricitäts-Gesellschaft AEG AG
AEG-Olympia AG, Wilhelmshaven, Nacheis Dokumentation Ordner";;;;;;;;;;;;;;;;;;;;;;;;;;;;;;;;;;;;;;;;;;;;;;;;;;;;;;;;;;;;;;;;;;;;"Masse: 5,5 kg
Objektmaß LxBxH: 310 x 300 x 150 mm";;;RZ 2.KTD.SR 02.F 09.B 07;;;;;"\\dtmbgw2\museumplus\Objektbilder\verknüpft\2025\1-2025-0390-000-000.JPG
\\dtmbgw2\museumplus\Objektbilder\verknüpft\2025\1-2025-0390-000-001.JPG
\\dtmbgw2\museumplus\Objektbilder\verknüpft\2025\1-2025-0390-000-002.JPG
\\dtmbgw2\museumplus\Objektbilder\ve";1918;
;;;;1/2025/0390 0;"Allgemeine Elektricitäts-Gesellschaft AEG AG
AEG-Olympia AG, Wilhelmshaven, Nacheis Dokumentation Ordner";;;;;;;;;;;;;;;;;;;;;;;;;;;;;;;;;;;;;;;;;;;;;;;;;;;;;;;;;;;;;;;;;;;;"Masse: 5,5 kg
Objektmaß LxBxH: 310 x 300 x 150 mm";;;RZ 2.KTD.SR 02.F 09.B 07;;;;;"\\dtmbgw2\museumplus\Objektbilder\verknüpft\2025\1-2025-0390-000-000.JPG
\\dtmbgw2\museumplus\Objektbilder\verknüpft\2025\1-2025-0390-000-001.JPG
\\dtmbgw2\museumplus\Objektbilder\verknüpft\2025\1-2025-0390-000-002.JPG
\\dtmbgw2\museumplus\Objektbilder\ve";1918;
;;;;1/2025/0390 0;"Allgemeine Elektricitäts-Gesellschaft AEG AG
AEG-Olympia AG, Wilhelmshaven, Nacheis Dokumentation Ordner";;;;;;;;;;;;;;;;;;;;;;;;;;;;;;;;;;;;;;;;;;;;;;;;;;;;;;;;;;;;;;;;;;;;"Masse: 5,5 kg
Objektmaß LxBxH: 310 x 300 x 150 mm";;;RZ 2.KTD.SR 02.F 09.B 07;;;;;"\\dtmbgw2\museumplus\Objektbilder\verknüpft\2025\1-2025-0390-000-000.JPG
\\dtmbgw2\museumplus\Objektbilder\verknüpft\2025\1-2025-0390-000-001.JPG
\\dtmbgw2\museumplus\Objektbilder\verknüpft\2025\1-2025-0390-000-002.JPG
\\dtmbgw2\museumplus\Objektbilder\ve";1918;
;;;;1/2025/0390 0;"Allgemeine Elektricitäts-Gesellschaft AEG AG
AEG-Olympia AG, Wilhelmshaven, Nacheis Dokumentation Ordner";;;;;;;;;;;;;;;;;;;;;;;;;;;;;;;;;;;;;;;;;;;;;;;;;;;;;;;;;;;;;;;;;;;;"Masse: 5,5 kg
Objektmaß LxBxH: 310 x 300 x 150 mm";;;RZ 2.KTD.SR 02.F 09.B 07;;;;;"\\dtmbgw2\museumplus\Objektbilder\verknüpft\2025\1-2025-0390-000-000.JPG
\\dtmbgw2\museumplus\Objektbilder\verknüpft\2025\1-2025-0390-000-001.JPG
\\dtmbgw2\museumplus\Objektbilder\verknüpft\2025\1-2025-0390-000-002.JPG
\\dtmbgw2\museumplus\Objektbilder\ve";1918;
;;;;1/2025/0390 0;"Allgemeine Elektricitäts-Gesellschaft AEG AG
AEG-Olympia AG, Wilhelmshaven, Nacheis Dokumentation Ordner";;;;;;;;;;;;;;;;;;;;;;;;;;;;;;;;;;;;;;;;;;;;;;;;;;;;;;;;;;;;;;;;;;;;"Masse: 5,5 kg
Objektmaß LxBxH: 310 x 300 x 150 mm";;;RZ 2.KTD.SR 02.F 09.B 07;;;;;"\\dtmbgw2\museumplus\Objektbilder\verknüpft\2025\1-2025-0390-000-000.JPG
\\dtmbgw2\museumplus\Objektbilder\verknüpft\2025\1-2025-0390-000-001.JPG
\\dtmbgw2\museumplus\Objektbilder\verknüpft\2025\1-2025-0390-000-002.JPG
\\dtmbgw2\museumplus\Objektbilder\ve";1918;
;;;;1/2025/0390 0;"Allgemeine Elektricitäts-Gesellschaft AEG AG
AEG-Olympia AG, Wilhelmshaven, Nacheis Dokumentation Ordner";;;;;;;;;;;;;;;;;;;;;;;;;;;;;;;;;;;;;;;;;;;;;;;;;;;;;;;;;;;;;;;;;;;;"Masse: 5,5 kg
Objektmaß LxBxH: 310 x 300 x 150 mm";;;RZ 2.KTD.SR 02.F 09.B 07;;;;;"\\dtmbgw2\museumplus\Objektbilder\verknüpft\2025\1-2025-0390-000-000.JPG
\\dtmbgw2\museumplus\Objektbilder\verknüpft\2025\1-2025-0390-000-001.JPG
\\dtmbgw2\museumplus\Objektbilder\verknüpft\2025\1-2025-0390-000-002.JPG
\\dtmbgw2\museumplus\Objektbilder\ve";1918;
;;;;1/2025/0523 0;Bingwerke / Orga AG;;;;;;;;;;;;;;;;;;;;;;;;;;;;;;;;;;;;;;;;;;;;;;;;;;;;;;;;;;;;;;;;;;;;"Objektmaß LxBxH: 250 x 310 x 260 mm
Masse: 12 kg";;;Restaurierungswerkstatt Mittelbau EG;;;;;;1927 - 1929;
;;;;1/2025/0524 0;"Adler-Werke vorm.Heinrich Kleyer AG
Jaschke & Klautzsch, Fachgeschäft für Büro-Bedarf";;;;;;;;;;;;;;;;;;;;;;;;;;;;;;;;;;;;;;;;;;;;;;;;;;;;;;;;;;;;;;;;;;;;"Objektmaß LxBxH: 310 x 270 x 130 mm
Masse: 4,7 kg";;;Restaurierungswerkstatt Mittelbau EG;;;;;;1927 - 1929;
;;;;1/2025/0603 0;ohne Angaben;;;;;;;;;;;;;;;;;;;;;;;;;;;;;;;;;;;;;;;;;;;;;;;;;;;;;;;;;;;;;;;;;;;;"Objektmaß LxBxH: 507 x 430 x 230 mm
Masse: 21,76 kg";;;RZ 6.KTD SR 08.F 11.B 06;;;;;"\\dtmbgw2\museumplus\Objektbilder\verknüpft\2025\1-2025-0603-000-000.JPG
\\dtmbgw2\museumplus\Objektbilder\verknüpft\2025\1-2025-0603-000-001.JPG
\\dtmbgw2\museumplus\Objektbilder\verknüpft\2025\1-2025-0603-000-002.JPG
\\dtmbgw2\museumplus\Objektbilder\ve";;
;;;;1/2025/0603 0;ohne Angaben;;;;;;;;;;;;;;;;;;;;;;;;;;;;;;;;;;;;;;;;;;;;;;;;;;;;;;;;;;;;;;;;;;;;"Objektmaß LxBxH: 507 x 430 x 230 mm
Masse: 21,76 kg";;;RZ 6.KTD SR 08.F 11.B 06;;;;;"\\dtmbgw2\museumplus\Objektbilder\verknüpft\2025\1-2025-0603-000-000.JPG
\\dtmbgw2\museumplus\Objektbilder\verknüpft\2025\1-2025-0603-000-001.JPG
\\dtmbgw2\museumplus\Objektbilder\verknüpft\2025\1-2025-0603-000-002.JPG
\\dtmbgw2\museumplus\Objektbilder\ve";;
;;;;1/2025/0603 0;ohne Angaben;;;;;;;;;;;;;;;;;;;;;;;;;;;;;;;;;;;;;;;;;;;;;;;;;;;;;;;;;;;;;;;;;;;;"Objektmaß LxBxH: 507 x 430 x 230 mm
Masse: 21,76 kg";;;RZ 6.KTD SR 08.F 11.B 06;;;;;"\\dtmbgw2\museumplus\Objektbilder\verknüpft\2025\1-2025-0603-000-000.JPG
\\dtmbgw2\museumplus\Objektbilder\verknüpft\2025\1-2025-0603-000-001.JPG
\\dtmbgw2\museumplus\Objektbilder\verknüpft\2025\1-2025-0603-000-002.JPG
\\dtmbgw2\museumplus\Objektbilder\ve";;
;;;;1/2025/0603 0;ohne Angaben;;;;;;;;;;;;;;;;;;;;;;;;;;;;;;;;;;;;;;;;;;;;;;;;;;;;;;;;;;;;;;;;;;;;"Objektmaß LxBxH: 507 x 430 x 230 mm
Masse: 21,76 kg";;;RZ 6.KTD SR 08.F 11.B 06;;;;;"\\dtmbgw2\museumplus\Objektbilder\verknüpft\2025\1-2025-0603-000-000.JPG
\\dtmbgw2\museumplus\Objektbilder\verknüpft\2025\1-2025-0603-000-001.JPG
\\dtmbgw2\museumplus\Objektbilder\verknüpft\2025\1-2025-0603-000-002.JPG
\\dtmbgw2\museumplus\Objektbilder\ve";;
;;;;1/2025/0603 0;ohne Angaben;;;;;;;;;;;;;;;;;;;;;;;;;;;;;;;;;;;;;;;;;;;;;;;;;;;;;;;;;;;;;;;;;;;;"Objektmaß LxBxH: 507 x 430 x 230 mm
Masse: 21,76 kg";;;RZ 6.KTD SR 08.F 11.B 06;;;;;"\\dtmbgw2\museumplus\Objektbilder\verknüpft\2025\1-2025-0603-000-000.JPG
\\dtmbgw2\museumplus\Objektbilder\verknüpft\2025\1-2025-0603-000-001.JPG
\\dtmbgw2\museumplus\Objektbilder\verknüpft\2025\1-2025-0603-000-002.JPG
\\dtmbgw2\museumplus\Objektbilder\ve";;
;;;;1/2025/0759 0;"Ludwig Reischl
Bingwerke / Orga AG
Bernd Lickowski";;;;;;;;;;;;;;;;;;;;;;;;;;;;;;;;;;;;;;;;;;;;;;;;;;;;;;;;;;;;;;;;;;;;"Objektmaß LxBxH: 350 x 300 x 240 mm
Masse: 9,05 kg";;;RZ 6.KTD SR 16.F 49.B 06;;;;IFHB SM-Lexikon-1590 zu Schreibmaschine Orga Privat_31.12.2024 (pdf);"\\dtmbgw2\museumplus\Objektbilder\verknüpft\2025\1-2025-0759-000-000.JPG
\\dtmbgw2\museumplus\Objektbilder\verknüpft\2025\1-2025-0759-000-001.JPG
\\dtmbgw2\museumplus\Objektbilder\verknüpft\2025\1-2025-0759-000-002.JPG
\\dtmbgw2\museumplus\Objektbilder\ve";1923 - 1953;
;;;;1/2025/0759 0;"Ludwig Reischl
Bingwerke / Orga AG
Bernd Lickowski";;;;;;;;;;;;;;;;;;;;;;;;;;;;;;;;;;;;;;;;;;;;;;;;;;;;;;;;;;;;;;;;;;;;"Objektmaß LxBxH: 350 x 300 x 240 mm
Masse: 9,05 kg";;;RZ 6.KTD SR 16.F 49.B 06;;;;IFHB SM-Lexikon-1590 zu Schreibmaschine Orga Privat_31.12.2024 (pdf);"\\dtmbgw2\museumplus\Objektbilder\verknüpft\2025\1-2025-0759-000-000.JPG
\\dtmbgw2\museumplus\Objektbilder\verknüpft\2025\1-2025-0759-000-001.JPG
\\dtmbgw2\museumplus\Objektbilder\verknüpft\2025\1-2025-0759-000-002.JPG
\\dtmbgw2\museumplus\Objektbilder\ve";1923 - 1953;
;;;;1/2025/0759 0;"Ludwig Reischl
Bingwerke / Orga AG
Bernd Lickowski";;;;;;;;;;;;;;;;;;;;;;;;;;;;;;;;;;;;;;;;;;;;;;;;;;;;;;;;;;;;;;;;;;;;"Objektmaß LxBxH: 350 x 300 x 240 mm
Masse: 9,05 kg";;;RZ 6.KTD SR 16.F 49.B 06;;;;IFHB SM-Lexikon-1590 zu Schreibmaschine Orga Privat_31.12.2024 (pdf);"\\dtmbgw2\museumplus\Objektbilder\verknüpft\2025\1-2025-0759-000-000.JPG
\\dtmbgw2\museumplus\Objektbilder\verknüpft\2025\1-2025-0759-000-001.JPG
\\dtmbgw2\museumplus\Objektbilder\verknüpft\2025\1-2025-0759-000-002.JPG
\\dtmbgw2\museumplus\Objektbilder\ve";1923 - 1953;
;;;;1/2025/0759 0;"Ludwig Reischl
Bingwerke / Orga AG
Bernd Lickowski";;;;;;;;;;;;;;;;;;;;;;;;;;;;;;;;;;;;;;;;;;;;;;;;;;;;;;;;;;;;;;;;;;;;"Objektmaß LxBxH: 350 x 300 x 240 mm
Masse: 9,05 kg";;;RZ 6.KTD SR 16.F 49.B 06;;;;IFHB SM-Lexikon-1590 zu Schreibmaschine Orga Privat_31.12.2024 (pdf);"\\dtmbgw2\museumplus\Objektbilder\verknüpft\2025\1-2025-0759-000-000.JPG
\\dtmbgw2\museumplus\Objektbilder\verknüpft\2025\1-2025-0759-000-001.JPG
\\dtmbgw2\museumplus\Objektbilder\verknüpft\2025\1-2025-0759-000-002.JPG
\\dtmbgw2\museumplus\Objektbilder\ve";1923 - 1953;
;;;;1/2025/0767 0;VEB Schreibmaschinenwerk Dresden im VEB Kombinat Zentronik;;;;;;;;;;;;;;;;;;;;;;;;;;;;;;;;;;;;;;;;;;;;;;;;;;;;;;;;;;;;;;;;;;;;"Objektmaß HxBxT: mit Koffer 340 x 340 x 150 mm
Masse: mit Koffer 7 kg";;;RZ 6.KTD SR 16.F 39.B 05;;;;;"\\dtmbgw2\museumplus\Objektbilder\verknüpft\2025\1-2025-0767-000-000.JPG
\\dtmbgw2\museumplus\Objektbilder\verknüpft\2025\1-2025-0767-000-001.JPG
\\dtmbgw2\museumplus\Objektbilder\verknüpft\2025\1-2025-0767-000-002.JPG
\\dtmbgw2\museumplus\Objektbilder\ve";1965 - 1976;
;;;;1/2025/0767 0;VEB Schreibmaschinenwerk Dresden im VEB Kombinat Zentronik;;;;;;;;;;;;;;;;;;;;;;;;;;;;;;;;;;;;;;;;;;;;;;;;;;;;;;;;;;;;;;;;;;;;"Objektmaß HxBxT: mit Koffer 340 x 340 x 150 mm
Masse: mit Koffer 7 kg";;;RZ 6.KTD SR 16.F 39.B 05;;;;;"\\dtmbgw2\museumplus\Objektbilder\verknüpft\2025\1-2025-0767-000-000.JPG
\\dtmbgw2\museumplus\Objektbilder\verknüpft\2025\1-2025-0767-000-001.JPG
\\dtmbgw2\museumplus\Objektbilder\verknüpft\2025\1-2025-0767-000-002.JPG
\\dtmbgw2\museumplus\Objektbilder\ve";1965 - 1976;
;;;;1/2025/0767 0;VEB Schreibmaschinenwerk Dresden im VEB Kombinat Zentronik;;;;;;;;;;;;;;;;;;;;;;;;;;;;;;;;;;;;;;;;;;;;;;;;;;;;;;;;;;;;;;;;;;;;"Objektmaß HxBxT: mit Koffer 340 x 340 x 150 mm
Masse: mit Koffer 7 kg";;;RZ 6.KTD SR 16.F 39.B 05;;;;;"\\dtmbgw2\museumplus\Objektbilder\verknüpft\2025\1-2025-0767-000-000.JPG
\\dtmbgw2\museumplus\Objektbilder\verknüpft\2025\1-2025-0767-000-001.JPG
\\dtmbgw2\museumplus\Objektbilder\verknüpft\2025\1-2025-0767-000-002.JPG
\\dtmbgw2\museumplus\Objektbilder\ve";1965 - 1976;
;;;;1/2025/0767 0;VEB Schreibmaschinenwerk Dresden im VEB Kombinat Zentronik;;;;;;;;;;;;;;;;;;;;;;;;;;;;;;;;;;;;;;;;;;;;;;;;;;;;;;;;;;;;;;;;;;;;"Objektmaß HxBxT: mit Koffer 340 x 340 x 150 mm
Masse: mit Koffer 7 kg";;;RZ 6.KTD SR 16.F 39.B 05;;;;;"\\dtmbgw2\museumplus\Objektbilder\verknüpft\2025\1-2025-0767-000-000.JPG
\\dtmbgw2\museumplus\Objektbilder\verknüpft\2025\1-2025-0767-000-001.JPG
\\dtmbgw2\museumplus\Objektbilder\verknüpft\2025\1-2025-0767-000-002.JPG
\\dtmbgw2\museumplus\Objektbilder\ve";1965 - 1976;
;;;;1/2025/0767 0;VEB Schreibmaschinenwerk Dresden im VEB Kombinat Zentronik;;;;;;;;;;;;;;;;;;;;;;;;;;;;;;;;;;;;;;;;;;;;;;;;;;;;;;;;;;;;;;;;;;;;"Objektmaß HxBxT: mit Koffer 340 x 340 x 150 mm
Masse: mit Koffer 7 kg";;;RZ 6.KTD SR 16.F 39.B 05;;;;;"\\dtmbgw2\museumplus\Objektbilder\verknüpft\2025\1-2025-0767-000-000.JPG
\\dtmbgw2\museumplus\Objektbilder\verknüpft\2025\1-2025-0767-000-001.JPG
\\dtmbgw2\museumplus\Objektbilder\verknüpft\2025\1-2025-0767-000-002.JPG
\\dtmbgw2\museumplus\Objektbilder\ve";1965 - 1976;